code,rev_yoy,rev_mom,rev_cum_yoy,rev_month
1101,10.649053245020621,-1.6630332295967223,2.699785952844798,11508
1102,-1.2967348215780177,3.558369399160577,-6.556344483257107,11508
1103,-2.537128190407038,-4.725117818439927,-8.999234241115033,11508
1104,-14.183306967535245,-21.97019156106056,-6.611461479506897,11508
1108,-15.696382027238677,-6.34663929293125,-18.569062370827073,11508
1109,-26.473091967142665,-8.021311638195222,-18.16660418242871,11508
1110,-28.178523955872766,-34.997528801909525,-11.368330612954363,11508
1201,1.3080196339671886,0.45609112382299066,-0.8206283969162342,11508
1203,-2.1148691306482776,6.8361572745390555,-9.122945315313725,11508
1210,13.42129336519994,0.673865338764203,9.050925655605084,11508
1213,17.12312734082397,22.954999232068808,15.839194414886714,11508
1215,1.3068797196628994,-7.7654790594875385,4.6854447852652745,11508
1216,3.7908098747692303,1.5001213554030468,4.050033417999241,11508
1217,14.879251045657565,34.42279791107439,0.9364439767642806,11508
1218,-48.01123376629733,-5.807467681606405,-10.569440560379581,11508
1219,-14.367353397369465,11.556069516051576,-4.796766703087737,11508
1220,28.831968382604725,29.29083574064727,1.6164591130512158,11508
1225,-23.831705068732,-20.784845103352993,-1.5866274756432812,11508
1227,10.7046320808678,26.300417527291348,7.385662640417827,11508
1229,-13.12918865315421,-58.00226453858957,-5.928266252287147,11508
1231,6.887968225707047,5.3881198380238775,4.055671383836259,11508
1232,34.55623169795253,-3.7486096913354037,16.56652232738474,11508
1233,8.479599325486417,15.978269984067849,5.191149150976985,11508
1234,0.6316055033472389,3.073384229554416,-3.636402935669454,11508
1235,-80.63493740425757,-57.396862289366645,5.6653004098770365,11508
1236,1.5919533549101543,-1.1436566053461927,6.0707975533774166,11508
1256,25.546216536255777,4.774330645851466,38.877339098534726,11508
1301,6.786144497398495,-8.510176426260754,-1.4665821661107967,11508
1303,46.746902846686,0.09347590944474662,23.16770689005283,11508
1304,8.722470848002123,9.889285285619659,-6.01141803701763,11508
1305,-11.244004511495337,20.1463021205707,0.18250686527557317,11508
1307,10.833155328925839,-1.2057301021705018,6.376168563763941,11508
1308,12.795901414759951,3.3999529556228,1.8857485179288969,11508
1309,6.372348677570834,11.213850317277142,-19.0159923300409,11508
1310,15.383177361480811,23.676891052864544,-9.312077148500734,11508
1312,89.22674829328686,67.44466336735312,20.162313431356427,11508
1313,6.038199417554717,3.001939180359485,6.803102597130695,11508
1314,-24.409608589644968,-12.482781654395254,-30.191368977893482,11508
1315,9.747731688264867,0.2676243195022645,-11.386003392574061,11508
1316,93.04522686147229,-0.7555780495590185,122.05590293593937,11508
1319,7.397616726284374,-4.38756738834105,-8.29006526276899,11508
1321,5.588487303318274,-8.848251329742524,-0.6473416592470872,11508
1323,34.077133777524274,12.869489969290516,9.788935417403176,11508
1324,-36.04716182320707,-29.007200368885893,-12.883737181674874,11508
1325,-23.584120612854274,-21.81599639405018,-23.0434803658141,11508
1326,31.695431346947952,-2.2669863987020697,15.965623389576152,11508
1337,15.918826956500453,-6.973911676881974,-12.597264276168358,11508
1338,10.190241498275013,35.80862184402065,0.2456063700227564,11508
1339,15.554896484680722,-0.8833048320307532,-6.931000715603932,11508
1340,114.24269798253538,-2.185867473192191,44.303500903674944,11508
1341,4.569009645303594,-31.563553962900507,7.182440972186747,11508
1342,62.82977561740993,-9.017939915942742,37.036896105232465,11508
1402,15.195638379471621,-2.2860416646070982,8.353315450032525,11508
1409,-8.564680561334695,-26.185861152276747,12.013942718978948,11508
1410,36.32137149498765,3.748341441839894,8.853400839788385,11508
1413,27.66535454898265,6.144556098460404,-10.411432202032612,11508
1414,-5.6395574244728754,5.154707700488551,-7.949986912349264,11508
1416,45.99375650364204,0.7020613238229818,44.45382369045446,11508
1417,-17.311771865762477,-3.77579927154998,-0.8975421154377243,11508
1418,123.52941176470588,-95.44364508393285,19.955344683226347,11508
1419,5.943806951362058,18.90464839371888,24.561940951689685,11508
1423,140.2441731409545,81.86859351369517,15.816278233211534,11508
1432,-35.7066251242749,17.191535508911116,-39.566743982677686,11508
1434,-7.165985616177014,-5.841690507804624,-4.731307243143775,11508
1435,0.0,0.0,0.0,11508
1436,-87.90431716806596,-38.63708220415538,-82.49176886992339,11508
1437,15.72187265485193,-25.46245514882225,-3.9254268568130706,11508
1438,41420.552147239265,920.6122602860231,68608.20344544708,11508
1439,-70.81854291725219,59.7447641068967,-65.82390145160402,11508
1440,-4.228913103138908,-19.221174121884857,-11.807879102134608,11508
1441,-13.264216249206974,20.909457281031703,-21.749148945921622,11508
1442,64.5678270192552,-2.1378608861011403,-46.14378360052498,11508
1443,3.8664879085297987,3.3878887070376433,-6.07607435389161,11508
1444,-14.561100754344551,-14.138059037793777,16.03898110757937,11508
1445,-15.689854258340356,-18.300722774972026,-19.044389034991323,11508
1446,-27.01967540121498,710.7967032967033,-55.74367602228637,11508
1447,-34.08158817841502,70.148419140319,3.9259194276091196,11508
1449,100.43731041456016,-14.561401618412404,51.534763147475864,11508
1451,36.79930560639177,-2.4233852800677904,8.770751249971198,11508
1452,-33.934090028446946,-38.63245312170798,-1.8979683992420657,11508
1453,1.9047619047619047,0.9433962264150944,-0.6166495375128469,11508
1454,-40.514523803487066,-40.6464506771457,-21.81680570695917,11508
1455,-0.7954387725685732,-8.27693231087559,-15.630512146742038,11508
1456,6526.080375163244,2356.031552196442,344.8356865720742,11508
1457,8.189681328273421,-3.0116120933152004,-10.59683909480173,11508
1459,-14.24865008703751,-18.62973055435732,-16.725690833923576,11508
1460,13.444919207049988,38.781054851180016,-11.374755422235067,11508
1463,3.400595434998346,-21.355608111508076,-79.58525146192504,11508
1464,1.776586321230049,3.3325323099486073,-3.5521973832278824,11508
1465,24.993393234672304,-40.53620819713352,1.3069602387289299,11508
1466,-7.750410014895954,-11.215697632322062,-13.497283517434816,11508
1467,-8.044344968739217,-2.562846100986358,0.04354239887413842,11508
1468,-52.633788037775446,-47.488425118075426,-42.69900923634504,11508
1470,-31.32220585828833,-25.84327237388462,-11.93542043209125,11508
1471,-59.21791681478848,-34.475668265935575,-52.93589363046175,11508
1472,7.954559176920941,-0.717149393629781,7.5268826002025015,11508
1473,4.791454711356683,-15.660248754418346,-9.962931522961824,11508
1474,0.6633944320883504,5.626492126934735,-4.717843533306957,11508
1475,24.282605152395472,1.783176425324089,0.5978714299348252,11508
1476,-1.1299320308856051,-11.762796528324092,5.041691460239937,11508
1477,-5.116268514859944,18.493190648181212,-2.1677667814400583,11508
1503,-0.3840501931974751,-4.207485133720794,9.537332827299542,11508
1504,16.828174514882413,-2.1815959459816305,8.22039912044316,11508
1506,47.80584006616197,-6.028150784662676,18.611451409945843,11508
1512,-20.544324030000176,21.534886220144543,-3.6192502051279987,11508
1513,8.929055679006165,3.8212472582249104,4.214029149541254,11508
1514,-26.51613160609359,-13.55773120079378,7.942524398963939,11508
1515,-7.589731857970212,5.9597879409842704,-0.10484128337009614,11508
1516,-2.0522574832315548,29.65809700503578,30.569235225955968,11508
1517,8.717393403501028,-19.61722244037268,-0.28449216773521496,11508
1519,12.500572357089773,-6.510420350820023,-1.7697726969149943,11508
1521,-6.0740081057215525,-17.51082889517099,9.41348425888324,11508
1522,-3.0387391724967747,-8.217675989696716,30.47117976741869,11508
1524,0.8935477119901,-2.0221879570025494,-6.783247893827018,11508
1525,-21.454040057248278,-24.39861448421388,7.174034891492299,11508
1526,-29.413842996063124,-30.84948575949367,-19.8677312895736,11508
1527,1.998211815513344,-14.20320908732932,-11.171997203663182,11508
1528,70.8380690048627,20.534599600622652,19.702375964256888,11508
1529,8.005252215778532,11.693749151314897,-14.883987578628872,11508
1530,-42.949571712106966,-63.42629215270192,-9.983067352693237,11508
1531,8.297438807356013,-10.134836270243277,-0.6215682572273559,11508
1532,-42.63623757729223,35.569549744203854,-1.7081788812308987,11508
1533,20.05739337965538,19.12577791826223,47.19780329058916,11508
1535,-28.535099596844443,4.376493626696745,-26.78279493664486,11508
1536,13.73060389046961,4.62983809894181,2.6476462160872622,11508
1537,10.982413417436442,-0.010557571758495546,2.7301857888148477,11508
1538,-58.080032749974414,21.00443131462334,-50.40180843383475,11508
1539,1.7348191245687115,-8.569443238078694,-18.50299722757765,11508
1540,-50.941795677572344,24.63143458882304,-34.28498665633837,11508
1541,-45.25425831723356,-16.6369030214973,-38.539457331635546,11508
1558,18.6279736833687,-4.991246423843887,5.6226058125158564,11508
1560,30.37794617921122,1.4432661682027883,24.452931586714303,11508
1563,2.4585276041608433,-15.420493895150733,6.33926511475951,11508
1568,6.410426118244503,-6.315488361744732,4.691170629291267,11508
1582,1.596814505836052,-16.598697572455592,-1.8019281259875317,11508
1583,-10.135616844365051,-23.737616358642942,5.523903509444024,11508
1587,-1.9639159462546312,-11.159168458298797,8.917596093143409,11508
1589,-9.594781571788085,-12.320121528278538,3.435519483886546,11508
1590,43.32524872352335,-7.1785635512373815,34.08118405397043,11508
1597,45.23253530040811,-2.5559175604934654,44.88513122822852,11508
1598,23.842838104403427,3.0416792433846465,-3.3027354223438676,11508
1603,20.5041731100363,-12.941558660224906,1.2213128107969888,11508
1604,3.401385419165355,-11.67821474172374,0.10314969458479191,11508
1605,14.970687262674398,-8.17850480689286,2.4700172395469884,11508
1608,17.898542763256458,-6.904634215590397,19.18485256429511,11508
1609,34.835392935879575,16.628672431878815,20.011540622804734,11508
1611,0.08504030170820084,-8.572297091903941,-7.590166924863392,11508
1612,19.598369292655352,-8.35454563713905,2.0554882278008555,11508
1614,-3.104509887880738,-20.873932442041273,-5.593217109448687,11508
1615,20.257385034168212,-5.846872440881196,5.2360404909928,11508
1616,-6.032266736111694,-16.050696086157078,6.871285511951566,11508
1617,46.89181921320923,-10.86349581449419,30.48247951702921,11508
1618,-1.9009462901336704,-21.296420591665846,1.8899853848139923,11508
1623,-7.314340404432538,-22.098742499010637,2.32531311416311,11508
1626,22.031077661714136,-44.03994543428684,-1.1273094974408941,11508
1702,1.1766493002097933,5.757882173079244,0.5693235447799094,11508
1707,-20.139845586222652,-1.4858233559878724,-5.35668070489142,11508
1708,33.17216667449029,6.420670435594013,15.96648381421349,11508
1709,82.66667069773207,6.918320795751556,22.25561662215326,11508
1710,23.96862268267556,6.224372551154888,-2.4428407549970403,11508
1711,33.157168626164825,-4.396573347461748,11.639608579015029,11508
1712,-2.7131621655361826,-7.739809992756658,4.31302595526585,11508
1713,-8.604102805941995,16.542890646140894,3.415764908888681,11508
1714,56.10735951141534,-8.522145731496234,60.53884698622307,11508
1717,20.948469417322087,-0.5660941143070332,11.781544744719955,11508
1718,4.427837589825293,-14.735970540910143,3.2539582754242793,11508
1720,7.784429068135788,4.444440723207513,2.98268096229656,11508
1721,36.46642201540179,69.98379611106665,-9.659806733360696,11508
1722,-11.279832584366952,-7.54590920657901,4.579283574328635,11508
1723,46.94023231657283,-9.325233639388982,15.22499421762468,11508
1725,30.661502791739025,-0.3991193459065461,12.167170355752969,11508
1726,0.15144659694931775,-11.626791140702654,3.8018171223383184,11508
1727,62.67146732929334,9.09168200580691,26.367202463952438,11508
1730,-0.22745157769146804,-8.37684862274109,3.5619255033965374,11508
1731,17.95743475335529,-9.651870838249454,9.206435327345908,11508
1732,-1.1958491772984114,10.16781249380857,4.065155995761491,11508
1733,-0.3669312565523439,2.656276303237753,-3.4366699400450926,11508
1734,21.575387983268833,9.755469210436232,5.826347504498147,11508
1735,20.1726333820904,1.0867785413869409,9.602012400134125,11508
1736,22.657167851484374,5.671153526224484,14.108580564884598,11508
1737,-3.875150731374845,-0.7126559611829945,-5.179647121404901,11508
1752,12.359184866358467,-1.5561620876083173,-3.1904026182171914,11508
1760,-27.88393432707536,4.632580481271073,0.2947531478579365,11508
1762,30.300090401957974,-34.16845834215246,24.432149452830476,11508
1773,44.621686203410505,3.609811720552717,23.963452688577757,11508
1776,0.2662644281217209,-9.389075909155563,1.917391259334415,11508
1783,-2.465199692561701,7.4698492856358705,4.29887626236006,11508
1786,-22.733094262295083,-11.758370342791798,-2.953234938553997,11508
1789,-42.18344285361997,7.509508267472285,-12.898603991815964,11508
1795,81.67977762526685,-15.431117482488856,69.18849391685958,11508
1802,32.59146823861491,0.2357161348229062,16.578155023476985,11508
1805,-0.8695652173913043,-0.8695652173913043,7.2221136739919585,11508
1806,-16.730494031938075,-2.033251384677196,-19.247610406747253,11508
1808,33032.925531914894,-43.44505427158947,13849.620888036583,11508
1809,-4.1293800051549425,5.175039561867816,-1.808243191659555,11508
1810,4.606249314500896,-11.663094738846194,-6.310317820826076,11508
1817,10.08595069308607,5.183680941372807,2.7776113590749785,11508
1903,3.8968870128891235,23.02749018207783,-0.7075079887815031,11508
1904,23.124829010579017,2.050220786862195,9.493729023644711,11508
1905,1.6474805266423107,-0.05455142475292284,-3.4986825624459033,11508
1906,9.184578427675591,-7.462284642199772,8.726396597086264,11508
1907,6.0296475280689865,0.026664310285757692,4.995752800144488,11508
1909,23.173049017839748,6.290466137998159,15.08176178749688,11508
2002,12.97063197691694,-5.960003963701512,3.8054686101030857,11508
2006,15.124090050648597,0.7229677931817972,2.3507858392718757,11508
2007,-21.388896421994147,-30.377936491647144,-22.222924188649014,11508
2008,0.37050509949746036,-6.385438460910159,-12.891312577437542,11508
2009,30.27456286347964,-2.0111195598435283,22.028230653065,11508
2010,-6.237920250453278,-4.93954751857321,4.312871547670998,11508
2012,-6.830306806717703,-2.99300098706009,-11.046947680390874,11508
2013,19.04007978225205,1.5964588880544366,-5.809740258024177,11508
2014,-29.314345169677868,-18.036261530109606,-7.627490102938822,11508
2015,9.671752908325915,-6.716799136703335,-7.351585198329888,11508
2017,-17.29659555357635,21.24741344015226,-5.443854969234203,11508
2020,-37.053983469774394,-4.200038726258163,-21.618788050041363,11508
2022,-6.931323911384697,-19.781302661969118,35.96875233188,11508
2023,-14.313043172516776,-16.530666167120547,-6.722604889339132,11508
2024,12.096102864900171,-12.547209399916072,4.522400866115911,11508
2025,102.5304395876603,88.52262750419028,136.2137376977922,11508
2027,46.090820444159995,-1.844325143042543,34.22589514467311,11508
2028,19.33300868163423,-3.9517037348511015,6.00582080462579,11508
2029,-17.030114025482586,-16.101865672371733,-7.288696071321691,11508
2030,57.69192058134775,8.994771323067676,20.405940800672543,11508
2031,18.589170986280127,-17.963706925408268,3.914304805197563,11508
2032,-5.264105324462171,1.7989213299046491,6.399403125842744,11508
2033,9.663237867599983,-3.2278719397363465,-5.048375145548851,11508
2034,26.75100905606621,-6.173616249514467,-0.0364862374584864,11508
2038,-16.534744512882796,-20.917325617715235,-18.022071813460098,11508
2049,42.300945967107126,0.9836495943163266,23.02523893642657,11508
2059,344.4151275890319,0.9194731722909152,163.96140518937497,11508
2062,22.200003570854683,9.103420181016313,14.612866066326527,11508
2069,18.856326560148588,11.291967972776106,-3.1736575096656696,11508
2072,84.83502788539076,-16.581791066047725,70.23367509463723,11508
2101,84.20319969775788,4.663708674666565,156.5212859256626,11508
2102,29.991976157725812,2.226529048541939,-23.906492919128247,11508
2103,21.785505046328982,-5.36384569803336,16.81244560374614,11508
2104,0.27948472848104144,-21.660218479745108,-13.819029231137531,11508
2105,4.636488904789254,-2.9876041100832555,5.808638760575933,11508
2106,8.076490991769523,-10.370352064599237,5.867057036189319,11508
2107,20.50908735587258,0.7499326040960371,10.11536710181842,11508
2108,41.8298987938219,1.7745435727632901,26.69267048861069,11508
2109,10.485149594280998,-21.98121985179124,0.6665773376093914,11508
2114,11.183860478864913,5.321591577296783,8.495500368822228,11508
2115,47.411575042844014,-0.37369114442522744,18.050801442969245,11508
2201,-2.0245191558224644,-2.2924561094755345,-3.4597181349413835,11508
2204,-3.0418046674271215,-21.641342601533616,9.086589895944432,11508
2206,-0.22234904140837133,-9.692758702698145,-4.833125818448868,11508
2207,10.569250109144406,-10.786679665996097,13.13042331436157,11508
2208,55.644028484352404,40.99954677594104,-19.763588287081713,11508
2211,11.847793061266259,-3.34439814681513,7.216904829939781,11508
2227,-3.466570534878725,-13.67935548415614,-14.39983589518965,11508
2228,-0.6228413887822908,-8.99399336912342,-2.444297926586594,11508
2231,-25.854739297018156,-10.57053991930947,-14.681752297935837,11508
2233,21.271502983479063,0.9856077855567141,1.3355772129456385,11508
2236,29.236208348757234,-2.7252830676293387,29.791814709770534,11508
2237,30.064676727490944,16.62574535250789,111.32872221014476,11508
2239,-27.532835850234495,-19.401001321575606,-14.64438070026461,11508
2241,47.331857135612985,8.884336235649773,46.45128891864747,11508
2243,106.4393510172547,84.39716964638983,34.09353678567797,11508
2247,0.7141265891725195,-19.739149389653168,-20.63444581262297,11508
2248,62.42324416919225,6.089269115571316,51.12566058865302,11508
2250,1.7036739894759196,-9.394258966642024,-6.324611165825598,11508
2254,-92.05668016194332,21.712158808933,-82.51017914798713,11508
2258,726.0737499660993,52.91692117175538,14.577719626235567,11508
2301,25.200742370543818,3.0878581903714792,26.726456239005763,11508
2302,87.72217512750316,10.529890192612958,37.96464139075741,11508
2303,30.71441291503008,5.035202709942881,14.660048248170208,11508
2305,239.98536640276163,1.490272068459548,113.21461801444438,11508
2308,34.94854905033159,-3.708102933285179,41.06247765244574,11508
2312,22.383911766974915,-16.041218654993855,3.523645415514764,11508
2313,6.865708582371952,0.8179232272483112,12.676875236497159,11508
2314,-48.862663136142565,-16.97749770384733,19.702465332986836,11508
2316,61.188907858085834,-8.595757189750625,40.59833569613409,11508
2317,51.978131522564816,-2.6144946713083335,39.72709766894786,11508
2321,1.712467848923785,-5.558872513590799,1.5663946093742,11508
2323,20.092584605652835,10.118052475348868,14.780194484490737,11508
2324,14.502633489514402,-16.87323448513742,18.312116010144262,11508
2327,51.799610560411935,1.2460830535233982,34.94853667392253,11508
2328,19.666466852484646,5.681220487308872,-7.84493713602915,11508
2329,4.764034825266388,-1.237860444541752,8.666198855873375,11508
2330,53.320053714712955,10.099818994181083,39.26370665798065,11508
2331,-20.15511038447163,-1.597851260936696,9.45893027456396,11508
2332,5.241936205831536,1.6955251975805894,8.616440764438579,11508
2337,218.53271706735816,5.444034937143434,149.14239152509919,11508
2338,-8.94806629834254,-2.159987493246947,-4.538728740389814,11508
2340,21.873683020341876,20.28400343908433,4.819655299370302,11508
2342,3.9542269322379093,-1.5528204122329559,-3.1020532083145054,11508
2344,289.42756449599915,2.000277964749722,177.3892901148317,11508
2345,59.42279854814421,3.5464415513967307,61.86168160125982,11508
2347,122.01643193808464,2.593631916322056,89.65916297833103,11508
2348,540.5590508718318,-31.398027281539285,80.61133112104658,11508
2349,-1.2743514363437127,-26.63458335882325,-5.801080972583231,11508
2351,61.221187315428,-0.1493924156241576,32.46100185315033,11508
2352,11.819254751083538,3.40518229070623,2.742410507995449,11508
2353,38.41493141468421,12.177830290438726,25.08014545657306,11508
2354,58.41679083173851,2.0757869205314243,-1.6879571361936603,11508
2355,13.434620312851182,-0.26409628343391717,7.068072803156261,11508
2356,35.82690162998942,-7.675596962853899,40.120710190413114,11508
2357,51.16688342643828,12.866443188877227,42.30457002299758,11508
2359,-18.145105055918055,-32.9558158751762,4.884055025296205,11508
2360,156.29654201767283,3.6465264692026853,108.41049971158722,11508
2362,12.095367082059854,10.896651074186346,13.14745321789947,11508
2363,81.06426064737752,26.64293659621802,92.59516265483826,11508
2364,32.600603251673654,-4.986215294433931,19.515424334701443,11508
2365,35.948240013698296,-0.0053976250449802084,11.038289442437726,11508
2367,26.12946199475075,-10.504796139549025,-0.07890321559635258,11508
2368,76.38825024031777,3.6890808722169304,71.24826737205954,11508
2369,32.89685341106471,0.015268721711966471,36.28182101367055,11508
2371,-11.491602904528538,19.172820097588456,-0.6870882268898411,11508
2373,3.6031048170002027,2.055601183095265,-1.831790548878464,11508
2374,34.7021226390898,13.218945850766243,50.056803811057286,11508
2375,37.591888359720436,5.277616304815151,15.91040614513698,11508
2376,98.42707910183296,7.210115423647554,55.23396713556208,11508
2377,-6.0566534030848755,-8.524469677684058,-6.424512318249827,11508
2379,28.083000681580568,-3.381240495941536,14.973736275733478,11508
2380,-7.817233446461517,1.495179913128091,1.2984761444575683,11508
2382,177.453640698528,15.752371011347568,102.62669045483766,11508
2383,129.84671742960728,4.888351969713899,95.18081273476336,11508
2385,-23.125150375926555,-7.591992504450907,-8.494586730362993,11508
2387,-17.121340434183715,14.741068764976278,-13.162918866352307,11508
2388,77.39127929312332,-18.7004201876715,39.642368618051144,11508
2390,16.838183465914813,-3.4048717137576796,-3.721224690279976,11508
2392,-24.697637910930144,-41.97419686607689,-7.441006441401495,11508
2393,14.104232991248065,-5.651349826314142,6.2842152330817544,11508
2395,87.51710391930136,-7.5661697753130355,45.88007993778177,11508
2397,48.01251619760783,-3.5428983260328817,31.395915935511784,11508
2399,40.00112885928769,2.943587295987715,6.924847140370336,11508
2401,40.953094977651595,-7.739112013322214,24.266914318613143,11508
2402,16.41519792118706,-4.575228384278727,17.16694209456082,11508
2404,59.050412994601615,-5.559907124229588,71.61194957406076,11508
2405,1.6573745229922687,-6.969889544560448,8.414256730588155,11508
2406,86.10504037359958,-2.690706572348762,114.852843965949,11508
2408,560.8541425724004,1.8753221767796826,638.1931640340957,11508
2409,-5.8591638763645015,13.409766711171503,-1.8235901087120903,11508
2412,25.611715606986877,17.22232894775221,9.497045728601297,11508
2413,2.1952826948603468,-7.325559209418737,13.888293634440506,11508
2414,79.51753158995898,41.26387055707326,47.823743308939875,11508
2415,-0.5989983679339939,4.098926224739674,8.384155921777463,11508
2417,-14.548107023817966,-22.16517994463242,10.121028370308606,11508
2419,245.59047432473767,202.53346411088813,22.177240352716513,11508
2420,33.83291414236113,-13.014792402084383,7.171924816765531,11508
2421,26.03114025371601,-6.855119140073925,21.080301327136215,11508
2423,28.149700598802394,6.55518489803757,23.650913184780542,11508
2424,11.852704257767549,-35.98419362805631,-10.656893859251424,11508
2425,118.45737918391718,3.8392858077969194,120.45013392296771,11508
2426,38.57482029343866,-0.8342369922056976,6.34387132691982,11508
2427,74.78099474049145,7.482170760306899,7.243276449917673,11508
2428,51.21457814625632,-3.721571118932976,27.60777173513282,11508
2429,-9.206685272511468,-18.55017410572966,-7.0318674494749915,11508
2430,-0.32660689106132057,-7.278658769643448,-1.2345839971333932,11508
2431,-47.32130464954892,23.461006749613727,-47.604052429094835,11508
2432,80.44201183191694,-9.151717723058681,60.675254023555276,11508
2433,2.025527811385279,-2.812768454806032,1.6428177597778113,11508
2434,84.26308539944904,51.758366420873514,19.85682116089134,11508
2436,32.146686219899934,6.272639429151904,30.413890117508465,11508
2438,126.96455047850115,-51.15736040609137,67.45512079557594,11508
2439,-6.70298191510597,12.880819373999756,7.233663656742997,11508
2440,45.294396363447916,-1.2193219110511586,28.563205528633954,11508
2441,41.984305244372294,2.25005717854771,26.928166893075222,11508
2442,19.870294519212013,-48.767271742075316,386.338953029558,11508
2444,49.281115246027525,55.00177868279339,-16.83006430013472,11508
2449,31.577957840545338,2.239981837781924,35.525232306090494,11508
2450,27.642117309427462,17.314616980235677,17.035101755201783,11508
2451,275.4659980905217,-6.889659274430279,384.0048979178835,11508
2453,10.05037560760053,6.000888717879744,6.618951213914937,11508
2454,44.0812520934518,32.40526804267691,5.759084009235821,11508
2455,71.15939605853318,11.560603260792313,35.87422019326332,11508
2457,-17.75584706056263,-11.798500158531038,-9.632753068593697,11508
2458,-36.72388444133861,-15.665395602931682,-3.414824453264119,11508
2459,15.367865913117173,-11.417113714452595,11.743313782362781,11508
2460,75.64976190094438,1.320718071085708,65.25316667122193,11508
2461,-4.683718279641983,-11.020730890633443,2.030032386973569,11508
2462,-0.48477769682399735,-5.892114625194702,-1.216178290780346,11508
2464,73.70780965783624,7.561365919680548,31.436497637078872,11508
2465,383.2629286702524,10.273586835402366,200.70869091113056,11508
2466,59.9166856232939,15.93621802139809,1.39140308110625,11508
2467,60.72584163286522,-25.841726544760608,83.37487145378931,11508
2468,-28.593317819029362,13.778834856864487,-11.107757432523393,11508
2471,7.162610619469026,1.1005431559972487,7.918498993545967,11508
2472,51.18935687397397,-1.301540656012038,24.37989170066266,11508
2474,-40.457521383248356,-5.048619597204645,-33.10764444132297,11508
2476,41.04273473844109,-2.0339486010678747,39.812953681218005,11508
2477,27.950818777888088,16.26522944541192,3.7272298259524352,11508
2478,43.63220372254852,-3.6796225655675814,22.76785962122869,11508
2480,20.16137918832383,-4.793496358856181,16.44809269319406,11508
2481,29.819236781713233,-4.88920050288051,18.102444649232893,11508
2482,10.490975760750512,21.686683799234277,-8.43562520870997,11508
2483,34.58750456181528,-6.500827703458458,21.947331976771355,11508
2484,25.08933578159188,-3.4178456366437877,1.712453151897299,11508
2485,38.4113202729034,-20.02450618749158,81.30158871998721,11508
2486,46.069210459555194,5.069789698213286,29.997230066478405,11508
2488,50.050599201065246,4.564530967069734,28.650552338037436,11508
2489,23.58564530251907,1.293526532271822,16.629583213174833,11508
2491,10.900439238653002,-6.9700319331859495,-3.2313289107639633,11508
2492,45.54208446583508,2.8056594288635734,22.102846217273182,11508
2493,29.353931680575485,1.0677981439214936,14.07201542724724,11508
2495,106.21354266385858,7.846252436517049,53.005263578868785,11508
2496,-1.1061620238212422,11.201350360418944,1.464585319862434,11508
2497,17.290264824367657,-10.226677050727133,19.767999850499027,11508
2498,-7.712817820445511,37.70522074869901,-6.921909595517191,11508
2501,60.17783541872381,-34.3011027848693,37.18142647157366,11508
2504,-8.07209921701119,-6.247545796577357,-8.228076703288899,11508
2505,24.460051290896107,199.83030576028455,-35.35729300195739,11508
2506,34.73091364205256,3.6962779601026,21.975757501062997,11508
2509,510.3268226648617,-88.25146554219245,665.3996298068884,11508
2511,87.88742117627663,65.50630278478255,23.60389010735311,11508
2514,-24.33274512866297,5.629600897091547,-2.9776569839162894,11508
2515,28.83948243046841,13.272333841339274,25.737820431146346,11508
2516,-16.46010144951327,0.7705668362064576,-20.493209119874678,11508
2520,-26.50191428974837,1.9453574246578453,16.927725927279067,11508
2524,14.061521049334061,-77.05879961789394,-36.62908040959592,11508
2527,4.178486544506632,-26.452846755714862,1088.1193927574902,11508
2528,-76.39063420672002,-67.92781827582318,-62.18377513682779,11508
2530,-99.86671400435164,-20.19002375296912,-96.56360795924678,11508
2534,0.6101558607306136,-13.780058431343171,-82.56752295399505,11508
2535,44.16751718611615,6.622818691464409,24.720250016076417,11508
2536,-68.50736064901326,132.35590826551888,23.178726214211036,11508
2537,-14.959349593495935,-99.09030821679538,204.84379128401804,11508
2538,26.89925681255161,12.64947083886929,11.189501750074063,11508
2539,-8.693067590272417,-16.204241293414533,17.776856289765973,11508
2540,98.38295459889332,39.00230742265192,-25.147354822354938,11508
2542,-20.877100359415035,-37.09939845423766,261.3116496890397,11508
2543,51.50921763610771,-9.342744662966663,59.40841445991509,11508
2545,-75.63728646642173,-94.61057824842118,-13.705721051462415,11508
2546,-24.412633887665898,-4.414405913768329,11.18953581695973,11508
2547,81.22955024989892,-12.653603290844066,63.44944538479019,11508
2548,139.52959372288657,752.4103582983179,105.3349499169469,11508
2597,40.9086362028445,18.615648736382795,16.72202814933286,11508
2601,-59.09316054715623,-3.0865166162935873,-55.31762970874439,11508
2603,48.63589929629481,1.8856363783847867,9.779110494825478,11508
2605,58.75071504262123,6.044078803127904,38.71801301175803,11508
2606,18.15606619816204,-1.8192947604378913,25.102361346902832,11508
2607,49.389906432141686,2.4091885883660615,12.75503366242711,11508
2608,18.555452003727865,40.18761171363679,9.17301159496568,11508
2609,56.170783181394626,3.7214686547250384,11.925390308025573,11508
2610,27.22342415074881,-1.2886533142912782,18.64884605553921,11508
2611,6.7652150752430416,13.369426880265046,64.009255553107,11508
2612,27.160830492717693,6.696523291079207,10.018361664121652,11508
2613,1.7235336146348696,-2.380413338076911,5.7344856083766365,11508
2614,-6.449968078852608,-4.216464598524399,-3.741230489040516,11508
2615,65.59455773911166,3.0066159166342357,19.20499572036021,11508
2616,11.000036752545114,-0.7935234538547351,10.6093398639996,11508
2617,22.294523053907632,-0.7192281882886153,19.008403471245394,11508
2618,24.91631705549541,1.9481659781440248,18.060054290686185,11508
2630,-27.23051736920278,-17.20797540360655,-22.36782549063983,11508
2633,-1.572249872878074,2.2525940087668053,3.318294496556257,11508
2634,13.152590617859552,-3.552133166204058,9.471277250380826,11508
2636,85.48459503786516,3.4156625863497223,17.912643295520123,11508
2637,34.96367119988952,-4.030388923688277,35.384472552201,11508
2642,-17.08206229790128,-2.25470887276119,-18.323604120917665,11508
2645,25.965948554084736,7.285860826444938,14.867151119951593,11508
2646,47.787823252625145,-2.620261357590416,33.97906965675668,11508
2701,0.2468160726626518,-2.6508796318489045,1.8965351991182249,11508
2702,10.740173206384188,-12.865774357862794,8.169338847114055,11508
2704,4.4697086184362265,-1.0765310765310765,4.6148464378262535,11508
2705,-0.6664248376955559,13.686927826272088,-0.25410896275637407,11508
2706,3.621019870720613,83.60139983739262,1.748382549252015,11508
2707,7.577868993202221,13.355578028792406,5.557406286390941,11508
2712,-2.241539413949649,9.955755421774136,6.609811492766337,11508
2722,-2.101226553299055,-6.6234691361407165,-0.012858061290092149,11508
2723,-3.235769382392474,3.783042365225824,-10.091956536480073,11508
2727,11.310893132346035,20.03994493305657,12.333406512291909,11508
2731,6.988488132071125,-13.992689117472038,9.927571226946057,11508
2739,9.318725667830561,8.56943500853822,4.539888961976162,11508
2748,2.210679894951853,3.1534184611035196,3.92368389380886,11508
2753,9.290082630316254,1.75155957386117,7.920341520331531,11508
2762,5.206317955870409,0.09729977940663317,8.44024616263937,11508
2801,21.134188454548564,-3.7911181427636205,14.336532468002106,11508
2812,1.760042446658356,7.936272900082451,16.73809307413978,11508
2816,19.607460995942436,60.134034240333676,16.34832195927227,11508
2820,54.67421856837923,16.76994849736105,46.660801813515754,11508
2832,11.730491564603877,-5.8803940838687145,6.471095797682906,11508
2834,8.817960929271047,-5.433134839349536,6.522609793458852,11508
2836,-1.5414168461493685,-26.486976083558904,11.304491298497048,11508
2838,3.881349694132072,48.77816899340448,15.767843868384817,11508
2845,5.0653083005513615,-10.709758397392266,13.973074152306104,11508
2849,18.897849055215733,0.6943121014439639,19.4971425919971,11508
2850,4.706880588210361,11.027777571608704,9.520260592003373,11508
2851,-31.48146235090942,66.11046322338842,75.56603074140139,11508
2852,2.355430600040868,-9.544804809116958,-0.06987023879856862,11508
2855,109.8769286098819,122.47776672091175,217.39974254466642,11508
2880,11.949803192383932,-8.332331884197751,27.68663453865478,11508
2881,-48.01854159471246,280.36369008535786,172.4300720752013,11508
2882,-69.46614444389321,17.309732141741776,62.50533056017953,11508
2883,-51.734690174233705,60.64216709067564,4170.368366937034,11508
2884,19.28818447821957,12.303929261760363,21.262494272560335,11508
2885,57.940258843989525,11.532295134693848,116.27641379493531,11508
2886,15.550439685057762,-9.811604078190381,16.575065751350657,11508
2887,-44.54199215009353,-12.579733025338912,81.87966962779522,11508
2889,51.8964745383324,22.110855687865797,94.92137098120422,11508
2890,49.48292252285266,0.975452104876698,53.91258195129241,11508
2891,-32.01339086205033,35.21636522208552,36.49722433384987,11508
2892,13.898753138784288,-2.3633327251119747,17.98785271878287,11508
2897,7.888838661721287,-0.3365979755199884,25.138842116597022,11508
2901,4.6923417441345725,7.421875,3.7148652564474065,11508
2903,-0.6393460561691366,8.173842182768833,-0.5013017704817845,11508
2904,-18.981097279852467,4.869606731515188,-17.765352167941927,11508
2905,7187.402448021923,1843.1472470257727,49.90881573724763,11508
2906,7.888725250488645,-4.371456898085771,2.4842683638344316,11508
2908,-5.434177906512505,1.0035749030542993,1.4833808344575172,11508
2910,5.443196563604635,9.793370140005125,7.222603941078071,11508
2911,-22.678056962624893,-4.420273882015816,-26.961570518890102,11508
2912,4.817758390349309,-2.090516133670622,5.456905470817255,11508
2913,-7.492040235552675,12.066081851384101,-12.167097287091325,11508
2915,-15.645887473665073,13.101519931172929,-21.68737202198399,11508
2923,218.9867410565063,20.988359626043007,159.21565069846721,11508
2929,50.320717981543716,36.13992922619838,11.286879760616975,11508
2939,-39.58990536277602,22.432244614315497,-8.271832876472796,11508
2945,35.2874619579956,-0.4833107618378443,28.894535368139266,11508
3002,21.20531069213801,3.0940243557065985,24.982512859446043,11508
3003,59.309258699644346,-16.661067832034963,42.13177453980629,11508
3004,62.29746815925001,6.473175449031532,40.46530427736193,11508
3005,18.388723770836382,6.558643870583498,9.956885927471163,11508
3006,605.2432014317565,16.509798129958426,324.37526455062414,11508
3008,-16.23206393579812,2.7644194788807654,3.712545763251446,11508
3010,23.632875331333388,-6.489691888341797,20.137897024320356,11508
3011,-20.813517380040985,-0.2508340842120644,-34.15184287026856,11508
3013,16.382499777124007,13.985018390489577,22.25103084506245,11508
3014,5.328654064265897,-1.8493239173104252,0.15555393311946134,11508
3015,1.295496203805812,-5.401823047696948,-5.234599876531066,11508
3016,57.78643473495075,5.111418128109066,34.73380056609053,11508
3017,54.340256925995845,4.792408367613132,76.09653467608655,11508
3018,130.49163179916317,229.09890474610023,-38.15147028595431,11508
3019,15.288008714183615,15.265439559415158,15.450387697023633,11508
3021,-14.003930732447113,7.360095208287449,-4.4217027653995755,11508
3022,84.97614765538744,-20.85256331533473,32.40539437293427,11508
3023,32.47027412494115,3.5803786271631632,13.931522283125933,11508
3024,-44.122551672688445,-32.812417553425384,-52.84020841655472,11508
3025,-12.673016603838738,-5.413913477122553,31.007125541761553,11508
3026,33.21856745910945,-4.0758539498992965,20.410227136107203,11508
3027,-11.21001230390649,4.2915692849642655,-45.78167640368333,11508
3028,87.95350944559226,-8.19880835736953,95.60013434168664,11508
3029,44.443850807787626,7.57502757550259,20.12505547800622,11508
3030,31.881394189510655,-3.488647766760305,27.416001854889267,11508
3031,27.820762534032088,-3.7914807105077717,24.120142651511113,11508
3032,-1.483436210234121,-3.9429274012398494,9.626941668112092,11508
3033,56.83746008784256,-14.145570184596256,35.66932938520228,11508
3034,26.33031651680444,0.30216585867666274,4.113322177571192,11508
3035,29.883694137526195,11.452916613705801,-41.07112584337144,11508
3036,98.21291582397657,8.426805566323363,109.20046830886439,11508
3037,56.25723917867715,9.178757960449099,34.15926167073539,11508
3038,-10.995019804287045,-4.632511838728049,-7.294590455232543,11508
3040,3.317870108914885,-3.8208787082238076,3.541778653765753,11508
3041,143.33455025414924,-6.320341640088653,69.46103918462916,11508
3042,23.47690304200431,3.5931537635188127,11.701855580964082,11508
3043,74.63776276276276,-13.442235597272482,7.525025600998022,11508
3044,65.47995924001005,4.097822462615335,38.71624949635544,11508
3045,8.499575061975785,3.783275167725471,4.7269684262851275,11508
3046,41.05212417250466,-7.68645117598686,27.07266603511486,11508
3047,28.02266770037287,13.565004523442074,-23.813273440493674,11508
3048,50.313337513386344,-1.4627512334970527,36.26105158634005,11508
3049,-72.22465114584472,-0.7130531045485625,-54.103148921770625,11508
3050,-9.006371153585468,1.0274419304670646,-4.513683820048127,11508
3051,14.157664088413487,-12.6650510231805,5.896584781603529,11508
3052,-10.79426498806199,-44.55353130293497,3.1086873100342522,11508
3054,75.61228823557171,5.335560021512072,358.9093907385123,11508
3055,108.23555166374781,14.06336187255678,8.08709676380926,11508
3056,50.1873823746011,44.853602714860706,-81.57775354569975,11508
3057,26.93616629874908,-23.794141196609516,9.960007119151564,11508
3058,24.478796146732172,-1.5026490066225167,7.382766432499089,11508
3059,8.251532958610117,6.8110573171976805,7.207081766296442,11508
3060,46.389392118216364,9.56442610073084,23.061613795971393,11508
3062,34.73919399773812,-5.616957143409205,2.5753633440709716,11508
3090,38.4488218327368,-8.706911692834016,30.027077312899042,11508
3092,-12.902576801052387,-12.965211138003294,-5.3120099957556866,11508
3094,30.20885757423251,-5.211577211943579,17.097369987636043,11508
3130,12.453576005038768,-5.761992472171058,8.391803860393805,11508
3135,237.786227791755,-7.108615641140347,246.12532001939255,11508
3138,-8.23892692650958,0.9163400846844394,7.337925140382053,11508
3149,19.271287907657133,-9.29860805997775,13.108802249925319,11508
3150,-8.975749728802883,-18.059536934950387,-0.36521122258178934,11508
3164,15.497789297148955,9.981126596980255,-7.1031803457526745,11508
3167,152.9786603130761,6.370649637811313,135.15148912145784,11508
3168,38.86429069970337,3.532023189065689,17.805431701312642,11508
3189,40.57567965225748,5.7332946714025335,32.08590042030249,11508
3209,27.44356183968248,-18.632697378625718,42.646634382785884,11508
3229,80.40598372488151,-2.3428855941579996,63.05454340558206,11508
3231,166.4840985505344,49.26554412746217,98.8701912579111,11508
3257,-40.26848972048054,-3.7422536790020655,-40.48985137766323,11508
3266,307.0065719737121,29.766357245854362,83.54021703884372,11508
3296,53.38669997638869,16.75430612162076,11.602316746543744,11508
3305,47.40192209431158,-1.8612884951195725,61.44649492226838,11508
3308,3.4111310592459607,11.627906976744185,-5.18064076346285,11508
3311,104.38285639491761,79.75816388745582,15.60311433090802,11508
3312,35.1919397058577,-13.271370924066474,18.37896512787739,11508
3321,16.941234079337242,-9.822023743011378,15.520224831592872,11508
3338,61.997363216875414,13.661468366139456,10.66950285244647,11508
3346,9.590773767650221,28.35997739059073,-12.761365256391711,11508
3356,20.631758288564324,-15.19656138317396,14.755515574732797,11508
3376,-10.00744640377718,2.339498449989831,-12.49791995621739,11508
3380,66.87986902351231,71.11300314748665,10.29251058529535,11508
3406,0.7211954265149975,12.25767513441393,11.799466075341384,11508
3413,23.54138354194384,4.017521416143346,20.046471381907605,11508
3416,16.65176119420153,-14.18710520860217,27.112358594159254,11508
3419,14.743520299000624,-5.883038987004332,4.595457429430406,11508
3432,86.54643709940933,26.032689450222882,130.1290650876625,11508
3437,-42.512089132849766,-35.984755459746594,-19.026624015792844,11508
3443,111.0204372171911,1.2293622826160435,103.84182833494644,11508
3447,-30.265777626569616,45.580408947221,-1.331942699582173,11508
3450,109.75810219812358,2.4166764461857,29.44255734638869,11508
3481,0.022929206689571976,-1.0251108918680745,11.863947296575402,11508
3494,13.801566755202906,4.532586652391884,8.31714362352839,11508
3501,-1.260839153074933,-12.257164450355484,-6.586157332144942,11508
3504,17.3297047506719,-8.957345616035528,8.983848956159841,11508
3515,3.3204646156251716,-42.22303642412207,16.877180356894975,11508
3518,-18.86745266166488,-2.415022989987538,-25.060260099405806,11508
3528,43.13409722164448,-0.30232338668419456,74.9897481658048,11508
3530,14.045652856346619,3.230613996427826,36.58688318518234,11508
3532,29.27771748942473,2.2119027720539877,19.136387329441018,11508
3533,19.58057828451359,-5.063084108681875,17.70480618897316,11508
3535,38.91140127069888,-46.930545468445395,373.93372307548594,11508
3543,19.998340169215382,-5.628495266361625,1.122911522918418,11508
3545,-8.267450330294125,0.23306261622941354,-12.953081499745,11508
3550,33.664828743304966,-9.623262601141217,29.522416342753097,11508
3557,17.898725611819106,24.148873001923853,-8.851417123230622,11508
3563,35.677791635986594,0.4167836756483224,14.39307833166791,11508
3576,-13.032185165971418,-20.525184434746468,-14.582997031837992,11508
3583,18.057239217229007,9.766687763539672,8.119315930762797,11508
3588,39.76175548589342,1.6229029905178702,26.313936690153707,11508
3591,44.13254324661866,0.632274965399272,14.371715030254848,11508
3592,22.845652560060394,5.382781726893861,8.167831355342534,11508
3593,-29.803008404261014,-13.780860646306584,-44.79598682225254,11508
3596,1.9322601618589959,-2.376769372181719,2.659555891718126,11508
3605,17.241795702027165,-4.941884896137934,17.164093258879422,11508
3607,24.039361310237073,16.66560466431433,2.204171210738054,11508
3617,13.30642285326325,0.6079729105741112,10.150870465445612,11508
3622,-35.95370761921345,-28.436127633553838,-8.190924375728354,11508
3645,-10.96126130902746,31.380330573810134,-2.676169925508353,11508
3652,29.970511106802853,0.3252941825113026,17.929666298590707,11508
3653,90.90319995881177,0.39577725555222554,42.93230357414348,11508
3661,273.61017160561573,18.069508063335714,13.583391933925407,11508
3665,53.99150153319462,-7.667158350869378,40.00683620722877,11508
3669,-22.969710225104105,-22.099775779891317,8.149928125725381,11508
3673,16.136045573102717,-0.46823020742477767,15.259546334651775,11508
3679,28.179561259600167,5.022696344794115,-2.824026611858125,11508
3686,34.30896630496859,18.32704402515723,13.801930953774137,11508
3694,-1.866193062525384,35.40586235063923,2.5214897703210557,11508
3701,6.456787543786104,-7.199723949111602,-17.637644367148695,11508
3702,80.45926827221638,-2.640639471153946,62.39086469044157,11508
3703,15.273080235304398,4.99235096142531,-6.392503455136936,11508
3704,28.10811049078664,36.47374577769244,12.378970592756176,11508
3705,4.594724569373681,-12.030467083179863,-8.684353500920835,11508
3706,119.89332334202707,5.638070867629579,52.56887075398791,11508
3708,534.5730588954555,-6.544314055043669,23.246721642333693,11508
3711,45.65918579706578,11.470924994667861,27.977969181023816,11508
3712,-72.73710735170101,-83.9268393821897,-29.943044079806562,11508
3714,14.23365151641082,-9.063636660572373,6.21605273443481,11508
3715,83.96056599949932,15.834600165610007,46.4979804114173,11508
3716,-1.1883795932795085,-5.682545986029145,-2.14846065561529,11508
3717,10.007209773926757,-1.6086140826302018,891.2522135748499,11508
4104,32.2453706621182,11.961354329439047,13.501560144597493,11508
4106,14.040676425848002,4.621079626290178,8.054758241528921,11508
4108,25.833995234312948,6.5668880854284035,13.032924405944717,11508
4119,187.52268077056712,-21.9302291452651,14.20904000499167,11508
4133,-14.661006128702757,1.619217758181611,-5.025889565469533,11508
4137,-10.712890806628602,-9.579133404696805,5.238685886972584,11508
4142,34.461213111602426,-68.23126713495449,12.563077939903373,11508
4148,51.949525200273904,4.360526062295658,26.60381039079264,11508
4155,49.34935162264665,29.083735720174303,8.18578377067039,11508
4164,15.423642820903094,0.3279953694771368,12.4574908386157,11508
4169,21.796278158667974,0.6572663547619433,6.966875559534468,11508
4178,9.023941068139964,-1.3911595052284154,0.2505942548648322,11508
4190,-1.0165207405472079,3.6000686817554546,-4.405555182235704,11508
4195,-29.985419704228285,-3.215218058968059,-1.7946566960934904,11508
4306,6.505027129846337,-4.700501745560018,16.419192541899744,11508
4414,15.254163430311852,-3.6668956373105,10.644213725652621,11508
4426,17.51422984468607,4.149373013069587,6.491322699680648,11508
4438,-5.9146926295119115,19.98676334315218,3.8117095115358057,11508
4439,19.93047075162225,-1.5157566678423386,15.181344445962017,11508
4440,-39.33341994307378,-7.073466360330698,-0.6716107482553952,11508
4441,20.55878866014236,-18.97576034828026,14.756522618568958,11508
4526,17.955753491682234,-36.17499112499022,3.405048445551008,11508
4532,21.406128629300962,-10.317765818139957,4.718935901809622,11508
4536,7.735263240188523,-15.131158342147607,2.901402501024873,11508
4540,45.043492645538386,3.1024007839294465,43.81760693363294,11508
4545,54.178385560845975,35.61949380774045,1.3387794571039264,11508
4551,33.50029974022514,-2.807880638704648,21.058786364347647,11508
4552,-13.84070339115593,-1.5776472781506339,-8.439311312769856,11508
4555,25.53595413718325,-8.52184183330326,16.785609605582653,11508
4557,4.218446939304149,-2.1000436210841174,-16.199864138089673,11508
4560,32.48550332604372,2.1610886528156437,16.813558045921894,11508
4562,-0.9888846301264852,22.83171028606208,-14.00601153018475,11508
4564,-12.182401711687618,-33.3073798239675,-28.826247701768423,11508
4566,53.94780686006835,7.4405373541150635,20.455252439317967,11508
4569,3.6233522189411813,-18.674354780583815,6.900949794253488,11508
4571,-4.012413362306706,-11.70492715175114,2.6353635450471335,11508
4572,48.85107594824057,40.43728694016692,12.689665371240674,11508
4576,98.0452097433352,16.35338909374344,55.75153262414533,11508
4581,20.547519744431625,9.87584421887006,8.020517008191492,11508
4582,66.87285868493922,68.78673084774084,134.67269589515453,11508
4583,23.63241308793456,-16.242756214342293,15.966613712785902,11508
4585,-6.109261436017995,7.069218406776568,10.417941016188767,11508
4588,28.731210721679794,-27.02182775312346,31.52850095520466,11508
4590,62.92394994781232,51.62226737824621,-3.800837610148155,11508
4720,25.115141249265054,-2.284232047581562,14.2939230374777,11508
4722,24.140840725495472,-7.275203990349427,8.277636082396763,11508
4736,42.68640953520201,5.46706353104862,3.2843103162332348,11508
4737,-10.3156522623041,2.931003719513032,-10.698358819946954,11508
4739,34.3964560862866,-10.597697685693406,105.58167185873114,11508
4746,25.693381255304576,18.631726170085077,-3.3724172905049086,11508
4755,10.875065118284716,9.100920491419293,1.5953663373700453,11508
4763,20.823040868540726,-1.7820154994828783,-20.909106035328332,11508
4764,22.74541430489431,-8.958328376876514,27.903991771227773,11508
4766,14.169708915756306,-7.343514718196941,11.427124707066692,11508
4770,-29.499451190329488,-6.560275606402455,1.4763090772693173,11508
4771,70.6377909701609,38.88744071309589,34.11983247770873,11508
4807,105.4337738232811,41.193343155087696,38.99935957688426,11508
4904,15.651609823935727,3.184026411386571,11.379919387655278,11508
4906,56.09452372021568,6.5921601721881995,-14.388667580140778,11508
4912,32.22226470452108,-10.0516091938288,30.75857341115665,11508
4915,20.37763660684673,4.59806262039478,13.333822199961121,11508
4916,82.95982513400992,6.285995305001979,61.84717333927541,11508
4919,12.097435203326537,-1.5660978720568688,1.0106347145043182,11508
4927,35.519426974762084,16.108890898588214,2.7170923376733596,11508
4930,31.426416017616116,21.952853034660208,-2.201394593944737,11508
4934,192.98288508557457,43.6638292770651,163.62546217647647,11508
4935,-18.427358229147988,7.422254420564007,-24.772115675044525,11508
4938,34.11291108532581,2.6620623152055276,1.4877195531201224,11508
4942,-13.498025882869051,-8.984450416423485,-7.993847848592447,11508
4943,42.405142677955475,-11.117852564416218,46.61979226249667,11508
4949,107.5919947488982,-14.959625309703918,53.29791219386038,11508
4952,44.886253910625314,-10.144320019162825,24.922274259133268,11508
4956,-15.939965029708924,-11.58029643561555,4.868013759422069,11508
4958,41.05228119001421,17.41747670782486,19.885742966514616,11508
4960,-13.901583847176884,-5.799102036369861,-9.733302932466874,11508
4961,50.151362691195914,7.2526415686091115,10.626183057015366,11508
4967,275.0567709273065,38.03916961239043,87.01658569617017,11508
4968,-2.4357100270264547,0.7355905191944128,2.837596786207892,11508
4976,13.2611068164249,2.738906705990327,2.8163043678591126,11508
4977,106.21752924846322,14.773918705647342,13.696101410482227,11508
4989,101.82935261463086,20.383784882504912,73.03671866545044,11508
4994,-10.942530168027083,-4.223857760305565,-4.047295346708349,11508
4999,-26.9358643994044,-27.896725018283806,-14.620947359989977,11508
5007,3.507039906689994,-7.494336574097342,-0.2571544415387716,11508
5203,-21.73033917256802,-3.641035641769814,-8.61929140481218,11508
5215,5.255814833382204,-23.869614892554406,26.825394621592466,11508
5222,59.944312768944016,5.617687281568151,-10.149431027303057,11508
5225,-8.967064082884173,5.491114299241834,-3.194339094235462,11508
5234,18.52409047500687,1.2532465500516319,11.27585050122346,11508
5236,13.223975893594018,-2.1415537738457284,14.582431847684985,11508
5243,54.12471687397441,7.9636443689656256,10.25654300824161,11508
5244,29.767265687471067,2.933256181425678,5.170218248780662,11508
5258,3.2102160970304428,-27.485181813114327,14.672855969873382,11508
5269,-32.50801819573959,12.658898575594609,-6.92021024463388,11508
5283,7.987413652261498,-22.234025692537685,0.6296475964874606,11508
5284,13.16863560706133,-13.868151665751615,38.28834334404247,11508
5285,19.926592779660574,-9.049576183584866,14.294781162038817,11508
5288,60.09646994248528,-4.663841734840486,35.380100629058546,11508
5292,8.90323466794863,-14.674209378407852,-4.43549934750902,11508
5306,12.064838592632388,-19.13706531578157,11.00997547704127,11508
5388,45.05455923264947,-11.724681636778826,55.154770337482326,11508
5434,36.335554628193385,-4.673631137052619,25.1958109453011,11508
5469,26.409668850860886,-0.7042382834225986,24.721919865809006,11508
5471,20.442707757121426,-13.802692003167062,28.770564343808573,11508
5484,12.938514648255271,-5.268821411801534,92.45269071555293,11508
5515,-4.37832255975924,-8.580066916469045,23.083682013176478,11508
5519,-92.5171145256551,2.2935451552883928,-66.7853832112719,11508
5521,-12.630846088894067,-23.633650133463423,8.929400704430074,11508
5522,-46.73673080364693,-8.695192060338902,85.24292591268147,11508
5525,1699.2086400934063,20.578166603271207,1440.8138488925792,11508
5531,-14.068064215002709,18.26357277672921,6.198075552880791,11508
5533,189.42621733966746,182.76737313486956,8.811016014230672,11508
5534,88.58141426234812,-31.21317354571691,67.0501740981801,11508
5538,20.917365460142236,-3.7971075688799747,13.899914086083019,11508
5546,32.806001600215474,7.520571578832599,-40.16822859192981,11508
5607,33.496752221260934,-5.601875319237365,36.22844004446429,11508
5608,39.146736585822644,2.5852951328960994,13.85143854744553,11508
5706,-7.7087295734192445,-29.036119806865813,-3.6608825968933796,11508
5871,-0.6827451029023324,-3.476776706875711,-0.766961546418526,11508
5876,7.060368875130942,-12.815193387111616,1.9616692181356892,11508
5880,23.602041097562417,-10.431685927698695,18.308406790653798,11508
5906,-5.6371181609054855,-6.916204907836707,-1.7098646315585107,11508
5907,3.798646859167597,13.461120442644008,0.7000837818542196,11508
6005,45.34586757893414,48.11666933847363,99.71869572400732,11508
6024,7.8009701602234305,-46.43754443027004,-12.893749968955976,11508
6108,45.69444140456857,-8.513997840730182,31.204309032756544,11508
6112,18.78872114528698,-4.132637628554144,18.345567665555134,11508
6115,10.76371827919599,-1.735584854540821,11.671333719067045,11508
6116,8.002552973034222,7.123639574756012,2.934742739613242,11508
6117,2.448863884164159,2.484248490290962,4.568236929895743,11508
6120,-3.0908291445455935,33.67603269449829,-4.68993809001671,11508
6128,4.958710988432169,-16.9236482268728,-1.952399114106245,11508
6133,2.1503024388602388,-10.270394099954922,6.654188450243673,11508
6136,31.718972752645424,4.488547672899876,18.151019177606198,11508
6139,41.68738766970338,0.8238097120440502,63.37387073487776,11508
6141,98.63848944446873,6.974052773222651,32.20453750927072,11508
6142,49.47108414326371,33.80842792162141,3.5828036177446885,11508
6152,118.48334266517357,3.2810370154705346,55.91323881362982,11508
6153,15.951204384178762,0.48091628697264965,5.320523092116666,11508
6155,50.04599448066232,16.197172192712124,23.804952873419065,11508
6164,-12.054528988385579,-15.733706821745551,-1.546922168761003,11508
6165,5.857372209850329,3.4775785320908503,8.037990407753298,11508
6166,47.83425710381272,7.156241522099848,41.599570704074004,11508
6168,18.51905389054854,7.69563821403205,9.291632139804404,11508
6176,-13.630346581340595,1.4776336694875256,-7.434927369580751,11508
6177,-8.722566122678671,0.7307978307588803,322.34997244143955,11508
6183,5.565872206941167,-34.58177350415025,13.34811883603456,11508
6184,-0.5832074713911563,-0.2678439695384231,1.1474870703469484,11508
6189,11.831882244660527,-10.669814522414631,0.17811967564272366,11508
6191,20.44511842142368,-3.026339621678848,26.98199239737183,11508
6192,12.994361278063124,-30.320758237166235,12.560808807114464,11508
6196,83.88589994276812,-3.976329003076118,51.719650821609626,11508
6197,25.34617547890212,0.9216418715092499,23.675774484284208,11508
6201,33.248340525032496,5.880860920878523,-5.750560893870196,11508
6202,43.72792046000946,-1.0332099282280285,18.929218970865353,11508
6205,24.992973068634903,-8.505044655104093,-3.7203110547915434,11508
6206,62.175214994119465,2.603429138352909,30.078514957922568,11508
6209,106.76387351719937,6.196648449645674,69.57475804178434,11508
6213,97.92882458381861,6.2086586004218836,42.24723210896934,11508
6214,61.91075076871571,24.35655889130407,39.64975705779999,11508
6215,132.81593791254951,7.728332901410536,59.76341003257803,11508
6216,-24.322915114858624,-19.861490163908563,-26.270084105656807,11508
6224,36.500738015273704,0.3500693533624586,9.405408539603192,11508
6225,139.20118343195267,17.47184889211769,42.96192804750262,11508
6226,13.05780555732721,-11.455402187848616,7.1424919972248935,11508
6230,-0.8590387749132996,-3.7073721322494326,6.454924549943129,11508
6235,7.298593688036683,-2.1221287456281313,2.9012571564606113,11508
6239,24.459768182447533,3.4753008204342057,30.83012384076879,11508
6243,-32.53518435967649,-0.2448210922787194,-48.89291252555156,11508
6257,28.584107151402755,2.718170020047801,20.486808720324657,11508
6269,1.3293210163115807,-2.349282067379954,1.9376497421841383,11508
6271,23.09255412735144,3.8657169222547907,6.759265649135593,11508
6272,-12.112246040680644,-3.710161211686798,-19.035271003148857,11508
6277,17.102961667309003,-0.554085779444068,15.479897696364821,11508
6278,10.869800594642088,-0.8486080860806038,5.232409466726839,11508
6281,3.3337150207816633,-12.125759125694382,-0.17025571682130086,11508
6282,38.4733395585149,13.649726786672975,28.845022400993173,11508
6283,-12.688522578892481,-36.27508043006901,-9.072254342588,11508
6285,81.21065327804487,-7.148302718672684,37.82667787769947,11508
6405,-91.85185185185185,,-59.65732087227414,11508
6409,-3.1618791081128457,-11.67551732270758,-4.142432556045146,11508
6412,-19.665420082733956,-2.4551201011378003,-9.879920936756283,11508
6414,43.05877710143918,-5.575050411194746,29.394594483693474,11508
6415,52.53892158873933,2.5369954638471888,33.04457754857022,11508
6416,109.34019768099115,21.452660034122886,25.922290178914658,11508
6426,78.20867959372114,-6.326236061972335,68.31261427157808,11508
6431,185.89271089271088,17.191696508504926,13.368117794930049,11508
6438,15.539377169954319,-4.193080750695451,11.497804340405343,11508
6442,152.24399939889415,32.44156488565142,42.59910628947854,11508
6443,-22.984514964238596,-1.4512928353523087,-36.19119303328084,11508
6446,105.4274761466709,4.384664840520659,81.24053329376729,11508
6449,21.16686053350411,-8.357765753226957,23.8238426964928,11508
6451,49.80825821371576,-10.973466131356805,1.7650323086585427,11508
6456,-29.980618692054364,3.183196825550846,-23.623178486303157,11508
6464,-2.996722643095269,-0.21643577282947704,-2.4800425099013106,11508
6472,59.21841576870238,14.885070860129273,6.089326761599802,11508
6477,-17.29837497076284,16.576129619744403,8.505148450847301,11508
6491,18.878799016501482,0.6425774989236727,22.503521660440608,11508
6504,4.360305225239183,3.9542245981051667,1.4209030117345471,11508
6505,50.28664779657053,9.469141242793931,16.71517802366748,11508
6515,233.36649415222965,6.5805563904418465,97.87797349070516,11508
6525,30.531915805351296,-0.8035313043421627,19.764129010201625,11508
6526,26.112143768975987,2.2055444001139426,12.533665163838677,11508
6531,150.82441845471112,-6.610617208349262,109.12544913946162,11508
6533,-25.725230125795587,-5.211087278229494,40.397176904437096,11508
6534,-33.381206058683055,-35.90411002924259,3.3453332226021586,11508
6541,210.1415494151551,36.05703980515738,250.13488094022952,11508
6550,202.55720053835802,225.90310837300476,108.45501321095814,11508
6552,-21.342480291085508,-6.836954569940743,-28.175092892244997,11508
6558,35.96004439511654,85.8847704101794,-6.260503130989216,11508
6573,16.949804122578993,-16.094248676762238,-10.236429753663634,11508
6579,26.581888048528153,7.770802946863022,28.369935037049633,11508
6581,88.18440615223668,314.52692222468426,15.438148196863473,11508
6582,6.735657225853304,10.668737352345993,-46.834943498751585,11508
6585,12.093962779838481,-4.536216098833797,17.33724200876772,11508
6589,125.90614216701174,-22.72437546919485,78.03269665170274,11508
6591,-46.169606912578146,2.473551072287505,-41.74927748166296,11508
6592,-4.047563534623455,-1.5188394150372413,-4.124528396946861,11508
6598,63.9962325080732,32.613047830439136,70.26588071194504,11508
6605,28.251422830345653,3.113006174514663,3.083614501043053,11508
6606,54.917377616103614,4.901029470242566,27.367526986738923,11508
6614,27.275009939109875,-0.24903653551054833,28.57467669242355,11508
6625,-12.354731824208383,0.4043187627845859,15.207466935974328,11508
6641,17.2714437506368,-4.205976945895977,12.859393688981653,11508
6645,26.983461278970115,10.277280717034316,24.165619790785883,11508
6655,30.185411296522407,-6.22161848731831,27.896177971581924,11508
6657,153.3123028391167,30.781758957654723,14.020063616344506,11508
6658,104.05118528128317,4.4387657575178325,24.113947200447527,11508
6666,15.88869715271786,-14.854884890490126,12.354447865235358,11508
6668,-1.1033445767464543,-9.61661668167764,12.497029125246387,11508
6669,50.35813251850269,22.62493783220418,42.79572821857782,11508
6670,45.01593222047094,13.125124686803655,14.884603863867303,11508
6671,-11.406050915631948,-5.693770361013231,-12.560967840127988,11508
6672,133.2447678339368,21.127135266753342,53.60099475737893,11508
6674,-45.45653661875428,-59.519648880399885,-28.669875109973507,11508
6689,20.27846698282858,-10.949116995805506,3.7097143093026177,11508
6691,213.69818881487726,10.989564156486013,112.82327209171589,11508
6695,-6.004997743309739,-15.992562056650367,-7.754293877279824,11508
6698,-42.385665155935996,-1.0184329134404253,-31.66979428270808,11508
6706,120.52782591403653,17.14781558892326,-34.98674345512967,11508
6715,113.01819497570557,6.632425334273461,10.241170389099095,11508
6719,-15.967442965779467,16.29464946409132,-7.6427808768595185,11508
6722,1.5704538347576011,4.6478586839693765,-6.062367736989091,11508
6742,-6.885390613505958,2.9373495543556047,-39.37718487363551,11508
6743,12.676489606810348,-9.32106624631179,10.162715400269951,11508
6753,40.14039583596839,-1.8243563418101405,25.55381514220055,11508
6754,-7.789434515544991,6.280865827468226,-15.784199732758923,11508
6756,96.9406668471583,6.712030423056524,29.5460234675434,11508
6757,22.013048217250976,0.9961702274305271,22.74221390265398,11508
6768,6.8641106598903345,-17.40319637753981,-2.379968320268816,11508
6770,76.19282844889565,5.097735257913507,47.08145004448896,11508
6771,3.0824343743042766,-2.0632631477742525,-11.038712150249138,11508
6776,41.523879775203014,-6.843488127439552,36.440701765754405,11508
6781,26.639774680160397,1.611855793052898,26.389547104873436,11508
6782,64.05265978828889,5.164716467781455,26.953267686426585,11508
6789,17.992794713554545,0.4368693218467459,12.155876506925265,11508
6790,-4.102506783335862,-0.023067639312489223,-2.4293457233703455,11508
6792,15.394922425952045,-2.7466363548562045,7.428022172090679,11508
6794,74.40543601359003,-36.49484536082474,-33.71454098726826,11508
6796,24.58437876098974,-29.411832691885394,18.470266426521196,11508
6799,1.850724461220017,-5.590104172544947,3.8741433423819114,11508
6805,29.136067855214495,12.37026988276037,49.808172599628804,11508
6807,8.784836144055355,-10.532214796810281,-12.662108533176427,11508
6830,31.952610475141796,5.5243799610385835,22.670021753020656,11508
6831,29.10220228796049,-7.381229132282574,22.26832658871512,11508
6834,114.30418863995163,5.030908148062788,52.761699175396586,11508
6835,-8.432228150753385,-21.581310509330713,-6.604599390494305,11508
6838,,,804.2179917879806,11508
6854,-47.64214329574883,3.4789644012944985,-44.3482696132841,11508
6861,52.47437428070515,-2.5054503689745053,46.21630484504776,11508
6862,0.9469166899897379,-9.86625294800577,-19.245001875225707,11508
6863,78.90177755205688,-22.209953731103333,43.196663335903224,11508
6869,63.12506784523533,-9.441434182003508,-1.0194930650912402,11508
6873,-27.718955576042628,73.13244579517256,-9.318956629457846,11508
6885,157.1095571095571,31.466030989272944,248.26485839648984,11508
6887,-5.979494032376772,-6.707253458795656,-0.63654828367622,11508
6890,3.132776012511067,-11.959693342857651,-10.525871404086386,11508
6901,-87.74164810690424,100.1484505474114,309.8893971559269,11508
6902,29.54663766875282,2.0392542780602483,28.20436404303824,11508
6906,1.1961078420060767,12.094747156307246,2.541102291048378,11508
6908,-12.759004718501803,-12.971341280688803,-4.978423388017247,11508
6909,29.348336678481445,98.6457240293809,-1.379409705120602,11508
6914,7.0307749425541095,5.12177142136302,8.676722641524908,11508
6916,52.96023860611743,-4.191940092619962,21.572344221754477,11508
6918,11.030093934825468,-10.968394378639761,13.446862429021625,11508
6919,-100.0,,-86.07718421976821,11508
6921,45.3128717582679,10.763511062749366,-48.26133410119043,11508
6923,19.132352496903415,8.356002527958672,17.23686458304807,11508
6924,84.98932601402866,31.039101317779217,23.48793648521497,11508
6928,-44.998744368878796,-41.064603286178716,-17.719290624195903,11508
6931,19.001603466035192,-0.290945974802477,17.924314869126416,11508
6933,191.25977642237152,-5.750601626197,51.5839308742371,11508
6934,-16.3265306122449,-14.583333333333334,42.28926860656324,11508
6936,-6.216574785955023,-21.815683715178785,9.268234784246811,11508
6937,123.29046160061951,27.865154458299394,45.29715887167531,11508
6944,37.21291990021215,10.36985856681334,41.22904286143012,11508
6947,48.04604144815364,-9.221301250242563,63.68074234010521,11508
6949,164.71067644661775,157.77777777777777,4.20520726276122,11508
6951,2.513955824569881,-3.0602551615502085,19.448045861330648,11508
6952,17.09540412723407,7.731349167241549,29.08723202560091,11508
6955,21.395550989766488,16.51118695487296,18.168907308197717,11508
6957,-31.15114445453242,10.670022275337631,8.50162836281338,11508
6958,-4.484282519446343,-2.305356616353278,-9.097345808843736,11508
6962,7.157863968723087,-0.8903735353143005,-0.21070227128169577,11508
6965,2.417338481092725,1.0057496630826903,-5.19766160518986,11508
6969,-17.074426989441154,-0.8489860555140105,-5.989305867961011,11508
6988,-11.128136687921177,-0.3104958692960245,-13.165728241464166,11508
6994,-24.752016002396495,-25.439373411146274,50.015211387866856,11508
7610,852.6321978095814,16.824373387441483,563.5187425700557,11508
7631,132.46346555323592,-5.238018183234746,118.16525168604174,11508
7689,4.299319201982963,-17.001916721617814,32.762918494824994,11508
7705,7.902411829786795,13.103592562733226,3.270398178725131,11508
7711,1.656986949841639,-58.118031897065904,60.60682776688672,11508
7721,47.598417781126386,-12.333583723569179,38.1819252609914,11508
7722,8.655628320771036,4.34522848599998,13.822795845410473,11508
7730,167.6950244105121,47.61713827471646,-7.243499102459961,11508
7732,4.350774502105789,54.92537313432836,-15.451959809154637,11508
7736,-17.854092036373657,23.697341258726752,-17.293157489050888,11508
7740,869.634082504517,-37.87123222753943,1443.9542897773272,11508
7749,60.497322235127115,-4.38641168556602,60.273233963159925,11508
7750,151.06754140387284,-15.09207195704656,101.3171752265762,11508
7760,-5.361117507099547,16.350168667877615,-5.958362361739982,11508
7765,3.3477169529289,-30.363395364084244,17.17094958795173,11508
7768,6.360975277686382,3.1405749744199096,9.238342203039752,11508
7769,91.58397305250298,-0.5134678562183252,92.92417403651449,11508
7780,38.13824433502897,2.981079272373304,36.325951462148225,11508
7786,8.57452908903835,3.986149481270926,30.000172241674143,11508
7788,66.40771696817036,-11.593011326079992,40.51670252918974,11508
7791,-6.797984393286405,1.0022016069849276,-7.461778410639505,11508
7795,111.49808375067597,95.7334653422258,24.76977122007548,11508
7799,-62.217194570135746,,-7.203389830508475,11508
7803,-88.96945967110415,418.2487122884474,-64.92244699677296,11508
7818,11.538575466747913,-4.137946710672868,-6.8053251444857805,11508
7821,23.248595199437755,-27.918257209297014,25.33606821540404,11508
7822,74.62048704884945,10.572321032953592,84.39999667134835,11508
7823,1.9959502458779288,-7.0025056046419625,7.1842693173904,11508
7827,,-100.0,,11508
7835,-26.552513451648384,-6.903048343946645,0.07039556894704474,11508
7855,1.3632411549250338,-4.67317555422852,5.300074409808814,11508
8011,-11.08471485624029,8.647418798054291,-19.487837381200713,11508
8016,23.692006892465354,-6.27026065786132,28.97233724347436,11508
8021,97.75305404524683,5.504950115539201,76.07110477941801,11508
8028,25.566192675709186,-1.8062375039103409,29.06148383968494,11508
8033,74.95555092026977,49.00222479761109,14.453171613819185,11508
8039,-13.8285894962624,-4.783914734400727,-0.9056932196555422,11508
8045,23.41228078345177,-4.3981097363009996,33.57327261644376,11508
8046,40.59000155490278,-1.6002754537845574,39.56279377447245,11508
8070,37.57073355876061,0.03221264106471067,27.679581640157124,11508
8072,14.526177613974857,2.5599059589474638,21.718248188047724,11508
8081,10.566033068414043,-4.056793680474728,1.6304416960501449,11508
8101,-60.34699445176716,-44.019387225203396,-8.87576045293104,11508
8103,51.59721699887176,1.9303955110844757,30.551966737119685,11508
8104,15.685704725172153,-16.677237267711043,-34.34611442058561,11508
8105,-10.428499769460334,-0.3070624360286592,-1.0257812350657907,11508
8110,24.848656400375955,16.06144926524892,15.539051292322757,11508
8112,154.83476822766156,-47.002535695750645,177.4193050076764,11508
8114,38.75169005988412,-21.60283208510487,-14.200045328158824,11508
8131,29.24867970676851,4.374788506525033,37.4981810229448,11508
8150,33.26544973719624,-1.3216016640370893,30.036828048960416,11508
8162,5.257851363625001,0.15063703609739082,-1.1221679930754522,11508
8163,11.180070633980236,-8.292454572088626,10.457212419060651,11508
8201,19.83092359958916,-11.304093567251462,0.4670179051388685,11508
8210,40.54388607233624,-0.21589570726556473,51.68337180134138,11508
8213,35.04738452834071,-4.046761645072152,17.28787141054491,11508
8215,4.878650572050095,-3.942256605787562,6.126766956571377,11508
8222,-17.477843770345864,-32.08341534894911,-1.3860507406597125,11508
8249,-3.8170801158813314,-21.306047793106842,5.0908226235816665,11508
8261,-3.0047398521601347,-2.5604503332069504,6.811680796971143,11508
8271,177.10455204752728,-0.06850122402945552,226.8919077599359,11508
8341,3.971945009635156,3.4986805267176595,15.680899499240141,11508
8367,-5.0123995950288736,-15.03275398538377,3.2129181529149973,11508
8374,35.40504399226622,-7.715572205054577,38.26148464107214,11508
8404,-3.6026875638089457,-2.7351379192738965,3.648008336536056,11508
8411,42.410299412069655,21.437956962742195,23.68955160893029,11508
8422,105.8498562353335,22.35004137150917,35.88447270120056,11508
8429,7.376014427412083,-6.669801708597853,-4.852779655288949,11508
8438,44.483904844254425,1.7419444549786998,40.62803984608849,11508
8442,36.94857667122038,-4.685681807284291,12.90688126221813,11508
8443,-14.58655159010953,15.361214682801416,-8.81189273690886,11508
8454,7.796143351300176,6.955448550812816,3.3841565054088423,11508
8462,16.74722999094014,-0.5647515173203779,19.49117960709743,11508
8463,-1.6081699535722858,3.694962382275624,-3.633600877663096,11508
8464,17.761139033659997,-6.274140110256828,5.5219179955282245,11508
8466,-12.06434866891731,-9.120196266521788,-23.036734340420587,11508
8467,-26.977725290967566,-33.08695666969533,-10.286872260580491,11508
8473,4.9802121445582666,-18.784574208914904,14.265730686580032,11508
8476,-94.32823657249301,94.41303624875292,-17.759293705285234,11508
8478,-16.801183687615886,39.98927810248565,-1.2555388303538213,11508
8481,5.552988220648289,-0.6497829618385662,3.050053795303149,11508
8482,-29.03502352326189,-21.153558947399862,1.4215606571592914,11508
8487,4.9052735914937715,-65.8702558897142,70.95167563893307,11508
8488,24.98128421100391,21.703263757834343,49.39780736016779,11508
8499,91.24333542216698,-1.182128468222667,93.23122208835052,11508
8926,1263.6234640055363,14.432225970907743,824.824638801328,11508
8940,-3.7575863170427155,-14.738114838444124,2.271643220581193,11508
8996,112.8353580924365,30.48416219953916,115.03150544189883,11508
9105,42.16849274964031,-15.415274079617168,10.561781256066787,11508
912000,62.91985586154291,71.15126897942831,-3.9208988119484385,11508
9802,35.30919354426498,-20.985696096857993,8.319958176554783,11508
9902,-81.59245854726034,-0.04570383912248629,-62.96715208068241,11508
9904,4.325261712464019,5.40982401566677,-1.76549366723017,11508
9905,37.83012180693314,-5.096055153207342,27.628215106229852,11508
9906,-56.33325661017925,10.492501456027956,209.4852087091911,11508
9907,-10.052626097966616,-6.882132362124121,-11.018868673814776,11508
9908,4.842315057251162,1.7611269999013799,0.9600256667641922,11508
9910,-2.793276563922958,-0.3241949188816222,-2.938672945023781,11508
9911,6.787989930972094,-4.616830412476959,6.76767060187984,11508
9912,-2.3557444964934606,-4.393127949520123,-1.7752661472158004,11508
9914,-20.71462400673578,-20.269202540595924,-14.165983918798908,11508
9917,4.401433170206194,1.1214694451810874,2.3823268447666925,11508
9918,15.499684873151953,10.31054188906939,-0.5213910760260307,11508
9919,12.168582679508416,1.211386225012642,-0.38062291542828397,11508
9921,3.2102659409215217,-9.93938345625446,-6.1134111947430245,11508
9924,4.203265064610972,-17.839487705971273,-6.4677451025414054,11508
9925,6.56580582081762,5.492646973207736,4.709610517961695,11508
9926,0.625,-1.2047464703620283,-0.815420489134407,11508
9927,25.592953558993276,-20.84011836774369,23.165479474150533,11508
9928,-3.412680420161717,-11.50943657486257,5.7878734013790005,11508
9929,29.17786760013151,-1.4517985186933813,11.485383658272344,11508
9930,6.032136004821506,-3.9042312054534127,-3.030287713816281,11508
9931,17.86569115075795,-10.725168756027001,9.425275557697224,11508
9933,5.247920692818564,7.612155921249358,-14.128106060324082,11508
9934,-15.053887679973297,-19.740761206501524,5.9152633313953,11508
9935,-4.679800788399268,-8.689037239333098,6.401759700968738,11508
9937,5.035063750138893,-2.441416328664535,4.4329304727037435,11508
9938,-3.176222553330766,-2.5026866948374855,1.500403667502488,11508
9939,7.083775768764128,1.6108336317814744,3.2892771700006196,11508
9940,26.24243876694443,10.863262440384254,29.665164080114955,11508
9941,1.8678112914087854,-3.3452540431623543,-1.3018581101246396,11508
9942,13.633347843708252,-3.6561619462877126,14.528318123823741,11508
9943,-5.754573736194711,-1.6028421530962118,-5.255180459226901,11508
9944,9.651893785381416,-9.794729556576733,10.25771776807278,11508
9945,37.99192959753171,4.289556910092957,34.40778930180521,11508
9946,185.25724897649096,50.54908337602744,2974.1410830936616,11508
9955,48.63394781688442,72.3821127205451,22.187573071445275,11508
9958,91.07038120062421,-6.56113025028657,41.49150336764519,11508
1240,9.195965730398004,3.7990029318257728,7.793180904035503,11508
1259,7.409599074787972,1.1642472786423348,4.243089830098666,11508
1264,9.223630408458495,-3.1487462326296414,7.149842688938043,11508
1268,19.991830825288854,7.617812678521232,17.434670354058834,11508
1294,-24.99707773232028,-26.583618186758965,16.5336427007941,11508
1295,-0.621348418807382,-4.63768115942029,-2.6236682696042295,11508
1336,46.14113277623027,-2.94386068768191,12.450605842069816,11508
1565,-12.465050515586384,-0.40678681272313116,-16.328285555968606,11508
1569,-25.280237992226635,0.8430490676755588,-7.645398580921071,11508
1570,-44.00695703659845,-19.652718776550554,-8.723603869638106,11508
1580,-10.070892009759659,-14.993575803251597,-3.209593928714311,11508
1584,5.5272326240068175,7.690930390787663,-14.591505131292202,11508
1586,12.520794650810858,-4.347905423591184,8.264897217126956,11508
1591,927.8923253150057,26.71750335380922,337.08215049460375,11508
1593,21.90596022288717,-5.810125237935739,12.505581997152705,11508
1595,35.61091377251082,-21.60419655667145,27.77371087230242,11508
1599,98.4969606411519,17.30303796553842,27.257515198281116,11508
1742,52.506194015627976,119.05283328770874,-36.71806877769682,11508
1777,17.68207527407304,32.09429008112239,-2.2641548536848215,11508
1780,12.477643345607575,-9.329149351200067,16.168821966341895,11508
1781,33.16265886440523,38.06047966631908,-5.367468755829137,11508
1784,14.37740558567818,-9.87149291351597,10.004060767011625,11508
1785,30.70899895422589,-14.166459486604003,63.39603435324915,11508
1788,8.941288853382764,5.602436201289754,6.142195420040782,11508
1796,-10.893889475974389,-11.300527512646381,-0.17285793280794112,11508
1799,82.42065171392298,59.20137093557489,78.14643043397021,11508
1813,0.5800566772936592,-0.2809605338250143,-8.08555976769296,11508
1815,79.20696400933353,6.791014292252034,51.19937149056726,11508
2035,-27.548214436507646,-23.96936175240597,0.5639587093731805,11508
2061,42.421351396474826,-5.2783528049428545,18.74878740923354,11508
2063,-16.94938496770566,-31.41456122668539,-8.537794970288816,11508
2064,-8.557472857965573,-10.374216027874564,15.866109717192918,11508
2065,28.712231073946427,-14.621531696225937,10.645365094761868,11508
2066,11.854646246829205,5.880709265538863,8.680888660880965,11508
2067,-0.8858426021007831,6.079184322033898,-9.04852222958355,11508
2070,15.818520081922362,-30.281955241017148,24.850595835915406,11508
2073,249.78321391082105,4.260702771089254,80.3361175138126,11508
2221,81.31871139616996,42.19236300414261,29.091341365027425,11508
2230,-84.12389530588268,-70.62172217490699,17.812198520741774,11508
2235,-7.104260961457939,60.45598567295771,-3.382332368134174,11508
2596,1287.8783165883854,204.39964524491745,51.48817312985642,11508
2640,19.243006734772905,2.151839425993755,10.36535131062689,11508
2641,-41.239884839292685,-1.3549295345161438,-0.07570177070774783,11508
2643,7.804528243900269,13.52986100070408,-9.584419951167956,11508
2718,-93.09852102132481,40.52731860548947,-89.69266460516486,11508
2719,-22.944032810353832,-0.7904022582921666,-23.177707817000467,11508
2724,227.70419426048565,-30.5192335819804,57.3466120946639,11508
2726,11.019376202622276,5.3839945629088435,-6.489788608945466,11508
2729,2.4422533938317703,20.88539969387251,5.955593543894599,11508
2732,15.261448373667596,7.127591724384867,29.548488494488677,11508
2734,53.642139862311716,9.836164150384842,32.937667797869686,11508
2736,24.93730451689256,-0.8430986671437517,14.804559192603234,11508
2740,-58.91670924885028,16.996507566938302,-60.81895655788817,11508
2743,0.6234541403487255,-12.363095153319186,0.7969019834054644,11508
2745,10.416467438079755,-16.266115795906224,15.514619920945004,11508
2751,4.761462780768516,13.128309640345455,24.061151213474393,11508
2752,8.786430870415135,11.34350867729702,10.37657843617935,11508
2754,6.981864566579779,14.079317767842358,6.343932822929551,11508
2755,15.218659758948382,-0.38109805080878906,18.699996940929346,11508
2756,-17.56984717128398,-9.243961486573895,11.79470208637314,11508
2916,2.3500067735020598,13.444094084810585,1.2255315695503977,11508
2924,-45.89178356713427,-26.754832146490337,1.5724402832793183,11508
2926,2.1399999002873384,8.18699656396102,4.219302285059989,11508
2937,4.787779346485036,-12.785377493314815,12.497743316931295,11508
2938,-16.766072187458786,-11.772838125417463,0.8214899265969077,11508
2941,-21.628103992694545,5.726159554730983,-5.341324422767082,11508
2947,1.7506460891530027,-5.169191690102513,6.902127620206874,11508
2948,-1.359692758646512,-7.6397583965221925,1.5024621958810576,11508
2949,38.44446381748805,16.06666316846824,26.076383712719498,11508
3064,6.517871583373767,-4.0081620754991985,-3.134840604323674,11508
3066,18.89475038600103,-13.973839780291394,3.5018919058583053,11508
3067,35.44562551103843,-30.0464527027027,16.12315747538558,11508
3071,4.522042400202367,-24.919585556328773,31.580486264350206,11508
3073,-29.309878213802435,-70.3636466783911,180.00282520791765,11508
3078,-49.33731714000558,-11.285803272121376,-46.92682205042415,11508
3081,180.9018539007475,3.8425011472237185,129.03610801621684,11508
3083,-9.04342424755774,15.902140672782874,1.8719719616534378,11508
3085,0.7831620166421929,53.85764991593499,25.20414001144224,11508
3086,-26.69243824250424,-13.19638271742771,-18.503222635946095,11508
3088,78.52614807235602,0.13320344761864425,49.50165318684724,11508
3093,48.11836799337256,-51.09983147581336,-22.211654797143098,11508
3095,7.631471667346107,-0.536834372468873,16.669676312581824,11508
3105,30.55209457123739,2.396766679932708,33.00941273287851,11508
3114,3.854648940237013,-18.143348320550118,4.397036415837777,11508
3115,-21.174652241112828,50.442477876106196,121.52424942263279,11508
3118,-16.226020024477638,-13.299658161396655,-7.2782878453408255,11508
3122,8.154075027140042,20.682848041634887,-2.4491677809027617,11508
3128,-29.237479320198528,-2.8818672594474437,-17.01864339330818,11508
3131,43.346952343283206,-14.067940900119183,22.90430169180782,11508
3141,79.77072598488336,12.266368681927565,23.933582373286775,11508
3147,233.47826842384174,-1.9271524616990265,111.96193648884159,11508
3152,39.634819609145666,6.966812911744076,9.313355366035806,11508
3158,39.40383572698501,4.1114595398856775,21.49975091109962,11508
3162,101.18952622424949,5.662490057166646,33.42354480729761,11508
3163,9.69016916881047,-2.3673737527610634,17.729328183666418,11508
3169,9.61507288302555,-3.6645772147459783,5.355070211094119,11508
3171,13.468566968047435,0.6087024279343078,65.61472303480936,11508
3176,197.40339528202162,241.3651494882245,-10.451573430439558,11508
3178,7.487576032727024,-18.522794552989936,6.275642106446355,11508
3188,-73.8039081541027,-30.943095075994968,113.18668420431013,11508
3191,17.85159517266101,15.45124663467166,7.467568419349068,11508
3205,-0.37606740937623706,12.099904549793191,40.71558367441258,11508
3206,46.20151986085913,-11.072425582635425,2.0121081580614004,11508
3207,-24.329617444575142,-15.808354591836734,-8.91070598376292,11508
3211,17.340478611401327,36.46637346467741,20.89577300759378,11508
3213,6.48953358356867,6.367983135221337,17.95607136687106,11508
3217,-19.768941082930866,-12.333619988788152,-6.299844519477946,11508
3218,9.377552822731989,-2.3399594400459316,5.963200495967978,11508
3219,19.72583901879228,1.6781945735222759,32.19972314381249,11508
3221,28.651953542286975,-9.683029766321214,15.027202113274003,11508
3224,49.59243290659472,-9.355036054196628,19.121401401559392,11508
3226,123.95113510044578,4.620672302198714,-13.819118890336528,11508
3227,10.133794164900296,-8.655525794806103,5.979442363438792,11508
3228,10.792502213155768,-16.024855592508313,12.611315829878704,11508
3230,50.86653881667732,2.031944277651015,6.23136740612128,11508
3232,49.79298122316777,5.45654021146379,11.401286050805373,11508
3234,110.12726780395343,13.116000124944035,26.94082696105297,11508
3236,19.392006004878965,-10.065547419903314,21.133506552913037,11508
3252,-39.353443369379626,5.739689596316437,-7.658126633322632,11508
3259,-35.05377188162336,-21.80426255848022,-4.637503170428909,11508
3260,279.80697041038457,2.9717593574737884,218.13605646502873,11508
3264,46.57297818291717,1.573428156762056,33.89207749845497,11508
3265,3.3632379267063106,-4.639325706719441,16.451742201213527,11508
3268,9.181407154755295,-1.9657419607563833,5.957055883406256,11508
3272,-41.79680734673532,-46.49583336569303,-8.724137737970477,11508
3276,41.27094624832181,-29.691405379989607,36.8154830570101,11508
3284,-3.885749051377704,-9.047936488697655,-2.665797075107407,11508
3285,23.177199361858086,-18.161417849162543,74.48384797103678,11508
3287,6.022302087435999,13.240610498363328,5.465807537654677,11508
3288,-64.59901995936417,-45.34046872116627,1.479536283866009,11508
3289,-7.9009457392064535,-7.326234346534183,-3.65869669454825,11508
3290,79.79663584803046,1.1166730843280708,84.26047338908913,11508
3293,24.804093366160956,1.775592877528285,18.09148885524727,11508
3294,1.6777336843346038,-5.537506844314656,-4.489670804101457,11508
3297,10.481807537187215,-0.03531489111241907,20.61170983255113,11508
3303,-1.4085637885653246,-18.430279574861366,16.116354462117975,11508
3306,45.50208386873303,18.236709492895084,13.244204435205434,11508
3310,259.96340846276615,-46.25728805363636,18.10698372294364,11508
3313,7.410881801125703,81.45800316957211,251.56040268456377,11508
3317,-27.572966685034068,-29.628118838806174,3.3830904059404325,11508
3322,-19.346522231402428,-27.71744347086813,4.998050310908436,11508
3323,-46.97599644168356,-27.619226484654984,-17.08585027182644,11508
3324,67.17939465738924,-16.577416978403203,81.01348291098509,11508
3325,-63.71309745754031,-4.4788998247269785,-47.92390772713203,11508
3332,54.71850386062934,11.972368864427722,19.125153982581185,11508
3339,-8.832982086406744,2.7920515638459027,-0.9255398079599673,11508
3349,-49.33618843683084,73.50281104864337,-35.2372246461023,11508
3354,31.90808609656777,-26.511100307891752,30.762364403830734,11508
3357,53.06726585348456,-6.902961005154786,32.22016146268528,11508
3360,41.8932027546434,-14.500943315968312,61.73888316293205,11508
3362,-32.9062012437647,-41.299557089334336,-5.29682235945306,11508
3363,13.197373811184553,19.690007784925342,-10.557604339736999,11508
3372,30.100964820229642,1.2198891874539273,26.784398846108427,11508
3373,-11.243337621760706,4.382362477034476,8.844120266507334,11508
3374,36.740456579788635,5.58187186808132,33.23769275602662,11508
3379,-65.77847911030959,-66.61339510879127,-38.55315287682438,11508
3388,0.6866714808892557,-14.42588140202344,16.870320068830956,11508
3390,9.892542007629809,-12.159126619257673,27.82475458779821,11508
3402,32.84345231390374,1.5914357716656193,21.365823669200683,11508
3430,-1.7461873638344227,18.48305123708564,21.505047016428055,11508
3434,41.94985495234148,118.9795021376913,-30.856297491209048,11508
3438,-12.803588051112804,1.3617392037549714,-18.246086866383333,11508
3441,0.8635737253100597,-14.517070891890839,28.239085976856746,11508
3444,27.285156060620753,-4.333916338726133,11.334759453886823,11508
3455,22.429263197873148,37.95067936236226,-20.016470474252774,11508
3465,2.398733541059403,40.94116182228186,9.20182644726494,11508
3466,49.72630365888793,22.378335949764523,185.12639623750735,11508
3467,49.80566242478051,10.57567681710283,26.48354458121781,11508
3479,35.43316627661718,0.4896825844869728,17.268794857979795,11508
3483,-32.23645305285372,-1.9251832241186153,-7.860607381898475,11508
3484,2.7206827303937997,-6.381090499794368,-1.6866671762337895,11508
3485,29.910874191441394,7.166197378941148,11.316373187274285,11508
3489,-0.2528199144301828,-29.048025269176676,70.04916253979029,11508
3490,-5.314635870846099,-20.240222354576137,6.431289717584078,11508
3491,93.18632935147426,39.55913600041714,73.39943090565077,11508
3492,17.904774606561748,-7.739671523800827,2.535798255056371,11508
3498,326.0465447130375,-16.31090389980578,154.7955799441265,11508
3499,3.711987817065626,-19.090402821607572,-14.021297839865932,11508
3508,67.1899502284039,16.700773349196908,7.670349243833346,11508
3511,39.75773751475646,-13.521668016451494,14.968434784634379,11508
3512,27442.5,,-62.79066107443284,11508
3516,-24.266156658153076,-24.33576412823955,17.067333716066596,11508
3520,33.33614677737569,-10.339543397136655,15.579009133712537,11508
3521,-98.05447470817121,1900.0,-94.24124513618678,11508
3522,-6.251208975433619,-0.502976801478136,7.0771830293049005,11508
3523,-90.70075609946215,-56.69167473378509,-41.89907257665269,11508
3526,38.839955677269295,3.4056663626630717,28.568315081008798,11508
3527,-16.390266713429195,-1.833405231577709,-5.770822224484592,11508
3529,42.77348437575001,-47.188750266328924,21.89801255131233,11508
3531,-6.577032515910424,23.564646566212275,-25.69807541347481,11508
3537,6.601944291591332,-19.889267042340425,6.916799792755063,11508
3540,-8.720882245047688,9.423450611125311,-11.079222889718729,11508
3541,20.254520950476675,0.1720790275234423,-1.5597782731192418,11508
3546,93.84497509896565,38.00985784698907,49.8742383019689,11508
3548,-8.158193826270145,-1.6478896410531383,-19.341538992255096,11508
3551,21.973307718294265,0.02369794795797119,20.496669051914413,11508
3552,-2.1448269754061062,0.6709490528009099,-3.2091747314732606,11508
3555,46.14592435401323,-40.587138271824216,346.69716745241027,11508
3556,36.26790415420999,-21.49155505282912,30.67713214620431,11508
3558,36.80402071943234,23.76508531968961,-8.324283907610724,11508
3564,47.823181419807185,-8.831518067079267,26.177592726456627,11508
3567,7.440534312385267,7.870279596878554,4.190428267919043,11508
3570,73.407767106412,24.274203917198818,14.804084395498077,11508
3577,34.0507217761397,-13.022497740261773,39.27163936125302,11508
3580,26.860035572581747,55.99259757738896,-6.001458159321602,11508
3581,-27.737783877566876,-37.78731468063761,24.383882337869103,11508
3587,17.780449485962418,0.38038276237442664,17.655116997143868,11508
3594,50.512183676505934,2.356063731251508,43.95074303410667,11508
3597,32.36772319737341,7.093452119453611,19.687313010874878,11508
3609,-0.09088155104513784,-42.53754747883054,-31.62177073670553,11508
3611,26.656778992975468,3.7047271990124298,5.284777918220014,11508
3615,-46.65056061450784,-28.445138669635586,-30.106076066449866,11508
3623,96.26579854461892,111.26513785106931,-3.9049927482963462,11508
3624,65.7609210971893,4.412337708508127,30.703675195403314,11508
3625,39.61685188256759,40.604120267260576,8.843635952531523,11508
3628,8.640946921196601,-20.540025700306753,16.209481809215998,11508
3629,381.0,-73.88235294117646,3076.410835214447,11508
3630,-10.794148704888503,0.8508845336813338,6.015296593879364,11508
3631,421.939736346516,9.437314906219152,35.275157605346735,11508
3632,1.619158425441148,-22.155377302436126,17.36368057821475,11508
3646,50.80557194714161,6.78154952582332,20.043917917412358,11508
3663,2.895188345568224,-3.782176953163555,37.52306356864566,11508
3664,269.24933206929245,37.07448169951369,-28.55899750094389,11508
3666,21.000969461948618,35.513860143181894,-3.1675662562920737,11508
3672,0.6318449873631002,-50.660883932259395,-4.468061428889383,11508
3675,31.505894727615374,3.0865109439899956,20.671206536575898,11508
3680,49.94063231494691,-3.5849762800288407,31.321395984537013,11508
3684,1.5810128947860214,2.8777999640393297,5.368752920733754,11508
3685,-10.80164020910268,-15.901743121340237,27.044383982660403,11508
3687,17.14396339317142,-0.8904215654742761,14.271176211708942,11508
3689,62.06674705146218,-7.3383707381206085,43.33418890723997,11508
3691,75.83834981581273,-8.412355156888204,119.78541950258305,11508
3693,171.01452065990162,3.417336668647826,25.272232227252942,11508
3707,29.540932278131674,1.8097584621607186,26.433406614500072,11508
3709,76.05769307049941,-25.041180571644215,44.75713821429095,11508
3710,24.845122961896937,-6.411890679176015,14.450152330751559,11508
3713,184.79864468993753,28.92361277540782,97.83756861361584,11508
3718,,,,11508
4102,7.475355969331873,-15.295894878189143,8.697753749907637,11508
4105,14.860508694455728,-2.0718818429637573,8.276959310483063,11508
4107,17.356398098495962,-0.036811024642647905,9.283716476885953,11508
4109,13.935210320845938,-9.576083388049902,14.436393042320072,11508
4111,6.872258647976486,-0.5545597603359336,5.51481919116566,11508
4113,2252.2927328556807,18.638710121485357,154.7256930801135,11508
4114,49.881070425781786,-4.7338772829464215,25.495925957484953,11508
4116,0.869414014953921,-3.186012604973842,4.767109823900249,11508
4120,-3.0533835703385597,-9.302243312765,3.126254400917276,11508
4121,4.031174752083066,2.3827206528136875,-0.23119018591773083,11508
4123,61.52537476326518,-3.5584233054366576,22.202140082554152,11508
4126,0.3747913451544833,-0.7315314994615857,1.0086922517188976,11508
4127,40.834747724116646,-7.045624278633987,50.27411517678311,11508
4128,-1.291872448360242,1.6100284780363967,5.306293381406298,11508
4129,7.500701113611321,-14.21799945727446,13.310861190077919,11508
4131,10.718002081165453,-4.858420268256334,16.467113862240744,11508
4138,-1.295241110055925,-4.40947295812789,2.3605880927845986,11508
4139,3.076871939193831,2.795549220450603,0.2415059430365553,11508
4147,19.512243324966896,-5.0540892747797965,10.90726463107489,11508
4153,11.81095728847828,-4.115493907431489,9.275588832073913,11508
4154,117.02317290552584,-10.724106324472961,67.14616163076478,11508
4157,172.2115013508298,138.59945872801083,4.858537301383436,11508
4160,11.542346291878882,-11.84183708132346,5.622018801809173,11508
4161,-23.62959180608536,-46.745698457413944,16.881958883734516,11508
4162,-6.982296499842335,-11.510606385258196,26.37354947810368,11508
4163,18.376314275252394,-14.20792335131223,13.438566867928058,11508
4166,14.859441730496735,-12.077034519899573,17.921149053980876,11508
4167,22.2998079492318,20.200859654701944,-8.684393167113187,11508
4168,-97.21371708511941,-91.3907284768212,-54.09586917535487,11508
4171,6.1926739498743935,-21.822717302481614,8.586140404161693,11508
4173,13.712825608630848,16.583251805076042,4.036347829686821,11508
4174,-23.430178069353328,-79.98039696152904,-20.51994565888601,11508
4175,3.6955789820211438,5.152930929573019,1.4682984530280423,11508
4183,-19.08141642625546,20.807287696295166,-31.424314228030514,11508
4188,2.8730703259005144,-28.087529976019184,-2.901762704875786,11508
4192,-11.958075273939972,-15.112540192926046,-7.642559892025644,11508
4198,-3.165104062770131,-31.16048215551879,-17.580891226632055,11508
4205,1.1867228939101775,-16.477272727272727,2.4216360571113134,11508
4207,23.637627140059383,-9.140121415160738,10.758015435349842,11508
4303,52.26860440089781,37.71783463107156,11.346973178307104,11508
4304,-16.009657097589496,-6.62612707066471,2.1440815826759256,11508
4305,-29.86996814063781,-17.544566052930197,-10.32757051865332,11508
4401,-7.371392435226513,5.008623615546059,-3.045896775129166,11508
4402,840.3707518022657,422.66742987979393,36.499848346982105,11508
4406,-94.2592787298917,-68.52572416774751,-65.64574146260705,11508
4413,-50.146266806152894,21.547835533618308,-37.675219678402776,11508
4416,3633.031771674744,-32.6446457650767,547.9095220722364,11508
4417,58.25909480659069,6.424454725352666,4.527684791459333,11508
4419,5.042842843741444,1.3033785684912236,2.5807777508806353,11508
4420,13.510054844606946,5.950465603822339,-6.333569743374488,11508
4430,31.70148679825686,0.011679798328815522,9.921573702967384,11508
4432,7.830138528409268,6.739787653352869,-14.968426456298602,11508
4433,-45.52540687719116,-48.47300208681007,-18.73437004639988,11508
4442,131.32054817155662,66.04643577274345,32.31463758869362,11508
4502,78.28824565554592,14.348463899099585,35.85489775931537,11508
4503,-67.20382410190543,40.99163203734275,-14.139643652561247,11508
4506,-11.647511127610072,-1.21010496206735,3.641504356061371,11508
4510,39.02554124497234,2.943848614359057,29.575511201942067,11508
4513,18.770985391415394,-1.7816013473530885,133.38179194198253,11508
4523,242.54279972526774,100.59138984060777,91.93464113212823,11508
4527,27.935306648727437,-19.13977656442109,10.978795045010946,11508
4528,-1.0756771555492755,-12.07287684566656,-6.090843981908833,11508
4529,327.27272727272725,-31.40961857379768,311.48219707424784,11508
4530,16.087020324308458,-2.6758527358287454,9.542274764091204,11508
4533,4.93470388118667,-14.872654702465297,-2.6688156546070303,11508
4534,39.43849476362345,-19.0683059170988,33.58724507978496,11508
4535,-9.435702268167383,-9.059329460550924,-2.9274380501140636,11508
4538,-9.755608974358974,-18.209876543209877,5.337834295232449,11508
4541,23.571776912366506,-10.121474139836629,32.748033090782585,11508
4542,194.65100798782808,6.806039088621557,54.126809332335526,11508
4543,27.32165183829525,-3.3028280465148283,21.794822144337083,11508
4549,5.66321072986094,-8.42314515194466,-6.992018534853814,11508
4550,20.109098159858714,45.498619737750175,-1.3785771482325138,11508
4554,-0.7413303013075612,-2.943988615391457,10.742796936418527,11508
4556,18.729275661336676,-24.209177073778783,16.84410475281434,11508
4558,16.54573149177662,-9.09013430658398,16.33598709734305,11508
4561,52.37483047016275,-14.37678122047838,23.0496196694697,11508
4563,29.211772665764546,51.130895231445116,-9.178413203453728,11508
4568,-0.5053297359458623,-30.09167896822314,3.980152712577206,11508
4577,14.003006400223155,-23.801582698044417,49.69988772778306,11508
4580,19.69746240706893,4.055680926455751,4.565009985712091,11508
4584,0.7371416064784416,11.029950982284149,-17.576683378594804,11508
4609,-75.74917641713053,-11.755952380952381,-24.219344388360316,11508
4702,39.21259842519685,2538.805970149254,-7.226975534990203,11508
4706,18.358184839811653,7.767724851045049,13.676069323920608,11508
4707,-46.2475525916766,-27.90518594572182,-14.706211986016458,11508
4711,21.906580592827932,2.0787343635025755,19.112915756000042,11508
4714,42.9489518561269,28.435892117570706,62.80718038996026,11508
4716,23.703799878819353,29.077854046242773,1.7938875149536886,11508
4721,72.34525505193395,20.447086844665048,14.552911995016906,11508
4726,131.44212689667236,23.14251480288031,36.956723002217316,11508
4728,48.818304279979195,0.7558073910197078,24.04559355526546,11508
4729,18.790421688990403,-2.481427508687544,1.072786414920949,11508
4735,23.55578715204983,-11.15710040867542,14.7041542905969,11508
4741,-14.903908667724235,-37.60344761832119,15.609342578065691,11508
4743,-39.40356630457061,-31.870031109574835,15.350727279632373,11508
4744,34.59208220724065,143.6020103743919,-27.76842048114745,11508
4745,-13.253141322133532,-7.800834945524896,-4.027979242733656,11508
4747,1.0542799797084188,-15.885808702037819,5.079245524911459,11508
4749,41.953207096504144,16.86012467740264,20.987664047822495,11508
4754,10.754352030947775,-7.924358397118415,6.915938802630532,11508
4760,91.53718178108421,13.105212426781344,65.53244031575477,11508
4767,-12.799218972058478,-6.500768537658345,-10.957467560563149,11508
4768,93.11618386508255,23.92632781267847,126.35883305765292,11508
4772,18.88907650630272,-0.10425084356821644,184.6028317449768,11508
4804,-97.52467491775027,-22.54901960784314,-98.33825128125486,11508
4806,179.11410148584244,-15.00042687612055,173.7594875619708,11508
4903,-51.77898241655431,-20.662803332126042,10.515620023642832,11508
4905,68.23410881113757,-11.832302906954418,37.705899263289325,11508
4907,-71.73565036259836,42376.811594202896,45.575332266570136,11508
4908,28.9322191272052,-1.4778025542266369,28.287868290124088,11508
4909,-43.85496451408896,-4.213870407001139,-38.08531926505366,11508
4911,-55.33238054772297,2.4269264836138174,-58.1616437331738,11508
4923,28.77895890933359,-9.994919249381564,30.042060142857643,11508
4924,-13.563421611600182,1.9639650078210995,5.105963625009757,11508
4931,125.86678832116789,10.160534893811118,88.36847369976456,11508
4933,-35.63715255122015,-17.160657768353428,-13.532740429914591,11508
4939,45.40855152574406,3.3928943065259403,17.291835050128114,11508
4946,-36.48972229996579,-41.91410693970421,-20.043688837540266,11508
4950,64.87176511546942,2.7746742651373273,29.29786327634824,11508
4951,3.1603424585138993,7.42037024807942,0.43136993307095367,11508
4953,26.644875879895306,-2.1277581432016253,30.655893301844994,11508
4966,0.23320166164682526,-1.9563159633165819,-0.6555378015457511,11508
4971,33.0330594065617,0.9069194240633416,20.4889637935245,11508
4972,22.617282392655458,-11.641071692451092,9.535386990571826,11508
4973,204.02859571367858,-0.6576330566248844,135.88675742507232,11508
4974,39.54911695287702,11.324067148674478,2.794090607050856,11508
4979,37.44891612802506,7.289834249582823,20.318863463428258,11508
4991,45.61718147039716,80.31296838689273,45.565624908737945,11508
4995,47.13350149808742,-12.354501460276254,19.345926867008316,11508
5009,38.89802366444208,-2.928502996278648,5.825520622258882,11508
5011,-31.376765083440308,5.119478446988175,-25.0198111475135,11508
5013,23.34832405596745,-5.31197089383618,13.438705412635763,11508
5014,29.42603221159614,-7.307012410186279,17.7738594928563,11508
5015,11.341160627866852,-3.238075733083669,-18.76842872358316,11508
5016,4.235735185441087,-7.588767324675878,6.280422420796101,11508
5201,79.42010561314297,32.19136136027955,-7.235917423419292,11508
5202,26.115638339154057,-22.60061919504644,-10.616622508139182,11508
5205,2617.5182481751826,1130.7438016528927,94.80352846832398,11508
5206,2630241.1764705884,,-15.3744999515524,11508
5209,92.1791254768751,104.9999081670939,-11.968626260310954,11508
5210,8.065018695471542,-16.813911653008194,5.474935996055812,11508
5211,29.20749690800114,-5.860742383807576,36.212521818543365,11508
5212,24.776735094975326,23.131926683716966,1.822907721021836,11508
5213,-27.69184271768368,-57.212860857652814,-54.21259763752387,11508
5220,72.53576386793023,-1.9652227595431628,39.746730247927346,11508
5223,6.534734384121425,-8.21837201699902,1.4862843898640075,11508
5227,-85.49029799029799,25.0,-80.81183687209345,11508
5228,70.24885536023534,-8.919574073839046,55.60044315952866,11508
5230,20.423527300462112,3.2163292930535903,8.437514334811803,11508
5245,46.66200563103494,-4.308963136481322,-0.532279218886622,11508
5251,9.691434213774377,24.074384318981405,7.432081221178928,11508
5263,216.5614441898171,72.77473192966151,79.29711524381315,11508
5272,57.68746208763007,-0.5093178673418318,-3.465819297370845,11508
5274,118.41515263458373,6.6875194387467864,74.48866403472434,11508
5276,7.223068747839226,-19.074172505436096,13.523258702171162,11508
5278,25.25345354641489,3.526937776853821,18.937642034812576,11508
5287,2.3073819284970636,3.1614636964110807,-1.3093477345997429,11508
5289,576.2927682888633,2.1814849302103285,553.1525733190747,11508
5291,61.4139456123347,-21.82095817753101,45.78003472004,11508
5299,-3.237168327894869,-1.9944725554999714,-3.289442834500933,11508
5301,-80.33851007037127,-3.6849925705794946,-28.93813626808813,11508
5302,-35.61715481171548,-70.24413826444284,60.74080396005804,11508
5309,27.55214093238423,2.6776002532780385,9.37474686726319,11508
5310,-30.20408163265306,2342.8571428571427,-25.88757396449704,11508
5312,4.846028276568076,-3.57584516969552,11.857158417251263,11508
5314,102.52220805278574,-15.822807709424037,151.4041502193621,11508
5315,-25.0930280339695,-8.40579507864949,-8.79280477348685,11508
5321,34.91961414790997,108.89643023372277,-15.770870458370458,11508
5324,-3.3066022190486652,9.384644062881879,4.015120373183678,11508
5328,28.28088038671192,0.5674316411171247,25.4612213168233,11508
5340,47.7710740243099,4.366353030835971,27.800100452034155,11508
5344,8.81509109166547,-6.346070745107722,12.866849987500853,11508
5345,-12.45105716523101,-16.722532588454378,316.5534670668141,11508
5347,40.47646040957919,8.22141639476365,18.416073905771878,11508
5348,-11.947338777809067,-6.008341787848044,18.97581091893888,11508
5351,525.3153245373534,6.360338061042983,488.92138522250326,11508
5353,5.190971780452429,-4.281835916018824,6.090635291987537,11508
5355,103.3460896869787,-9.930023325558148,36.10493943796871,11508
5356,33.858438451874925,-9.60270365127733,15.972111277435062,11508
5364,-80.599982709432,-24.018058690744923,-58.31510296542243,11508
5381,-35.8675770054679,-45.973639648473714,-12.541740735053368,11508
5386,1846.2079589216944,128.2967670044723,625.4991757344794,11508
5392,15.144461200782406,-9.536607339768103,6.759575995607922,11508
5398,15.644184086987924,128.20269200316707,-26.353717943556504,11508
5403,25.30011926421812,-4.579325249766311,2.782852083090128,11508
5410,-55.6284080147291,-44.29716710603722,32.54436738104106,11508
5425,22.43337099822437,-0.947047072671662,7.494004466832429,11508
5426,45.86523851789448,-13.800568078268562,20.640637617822897,11508
5432,3.6594182748456703,-19.055890910670083,4.260441991541654,11508
5438,29.325102257233752,6.869679519278918,-37.46691611921856,11508
5439,5.237570634882948,5.500784044527255,34.29374766595645,11508
5443,14.382752946211802,-25.933367817341473,20.93151658088718,11508
5450,9.905427415541428,-16.242036941384683,11.443825857405551,11508
5452,13.906202130491339,2.5437273789796606,-2.026825956400352,11508
5455,546.5800865800866,14986.868686868687,-98.12440164053912,11508
5457,-18.958598035266046,-6.587341473227995,-4.873796300405971,11508
5460,72.53747615153993,43.93160838524851,19.370014578280273,11508
5464,19.557504181661514,-6.435010263885997,29.81609676527774,11508
5465,-4.365741172086089,9.401720788823665,-31.379022918556878,11508
5468,232.88894814024798,168.37919174548583,66.108739450808,11508
5474,-33.51877168997792,-24.04130945443404,-3.508541678179249,11508
5475,271.8799275827834,11.06324345065755,166.78962235136055,11508
5478,7.805327765661981,0.7376868197300457,12.069454935830818,11508
5481,-3.1222896790980053,16.868170192978376,-7.8130829962837485,11508
5483,11.679851232801411,-4.015464573856073,6.102027041942864,11508
5487,28.84124087591241,-10.739570164348926,0.09213539430370689,11508
5488,4.805640983016097,-11.261377498357886,34.441180952619526,11508
5489,17.542593228535186,-4.884024272670561,14.064872350794591,11508
5490,-6.767147783880445,-22.19055808631754,19.039951456009078,11508
5493,44.534401265170494,18.820951528818853,21.509499021840504,11508
5498,87.52412149123518,2.2227427823842443,70.79154446159939,11508
5508,633.6485802383911,15.912949585361686,60.19059588257221,11508
5511,2.5856677022620485,-4.699156476033367,11.493821742539515,11508
5512,-7.982834104125052,-44.217435396881,3.6792888201642797,11508
5514,319.29460580912865,32.26439790575916,17470.23871302543,11508
5516,42.46539762141426,50.92522528719818,41.230674062313135,11508
5520,3.12297284774349,3.417530183217666,-2.9536411115401418,11508
5523,1.3513513513513513,-0.5305039787798409,-19.936204146730464,11508
5529,3702.282608695652,347.15582257445993,1148.9078262626942,11508
5530,12.127510852770216,-11.96019526849418,-8.195063154321831,11508
5536,44.54132881735161,25.561042349602662,26.890969889756533,11508
5543,7.2073517063091455,-16.988354933446328,4.524545266437364,11508
5547,89.50367793179775,40.72624404597033,20.860723558940627,11508
5548,13.329927240942052,-24.28919210112923,13.23303153261221,11508
5601,3.0607124937280483,6.8956544366380434,1.7209777619178928,11508
5603,10.680822727230096,0.005932102845714479,2.737493730308827,11508
5604,4.063391918281508,2.477810650887574,3.49941250047379,11508
5609,39.0514302604756,4.460990079144181,20.941532773027475,11508
5701,-6.893928917162218,27.355702158851766,-7.514179855456957,11508
5703,28.094970775682725,38.47499375290044,16.123072213638086,11508
5704,-98.08605114071352,-25.86002372479241,-46.04989985514295,11508
5864,112.91695834947213,161.49784872072783,1225.1636558364207,11508
5878,-6.602602905569007,-17.957886900805573,0.36454352698018905,11508
5902,20.915794625329248,2.2549293154761907,-3.628605497185907,11508
5903,3.336162920041837,-2.46288213899538,7.0266423115236725,11508
5904,10.320065553492464,-0.2683930562500708,13.909654302564213,11508
5905,18.030107259056308,-9.423886748499239,224.17140668251892,11508
6015,140.4952387188123,404.544135479391,250.4778565902766,11508
6016,215.39039794418443,235.27861735273706,230.99167210518803,11508
6020,-33.684531816999964,141.11409367750437,474.2702350453288,11508
6021,-35.717378097745254,95.59864017847657,237.67968225379093,11508
6023,22.65645864862459,-32.92883582996306,42.4309914834969,11508
6026,231.77946698415604,381.78473268906816,170.39888033589924,11508
6028,46.18760930983452,1.2505532562527664,32.4004303627067,11508
6101,-79.24034997426659,-69.69223371002644,44.39690022602519,11508
6103,-52.21646516983304,-22.124225933571026,-16.7433066829026,11508
6104,3.370009532580421,-5.332437639274015,0.7679304287663039,11508
6109,15.628821765425274,-8.636026686434397,19.97781363453005,11508
6111,6.319217772369622,-9.99774668767438,115.50013247910326,11508
6113,130.4034643008027,-9.586531606956349,72.2960954962667,11508
6114,-25.142320391665717,-35.56219831916301,-13.714650422833973,11508
6118,29.63824843568012,8.965594854665001,7.281991023980709,11508
6121,4.645911580761419,-4.983275803598692,4.848010185132473,11508
6122,13.592119902372534,12.179042830722148,-0.1948054180352384,11508
6123,-3.191545913644404,26.656642036774564,-7.022047981172577,11508
6124,5.645289654597409,-23.512852031520953,-1.4522624712417498,11508
6125,-1.4926067008946342,-7.202351788339049,26.93920267936346,11508
6126,57.25232421904718,-6.499317842137452,54.322022437339406,11508
6127,29.684085998140972,14.750053407391583,5.470003444327017,11508
6129,43.60034223363001,3.8816143786121358,41.40025275320455,11508
6130,1.3824884792626728,-40.1186917138905,20.84475129026948,11508
6134,21.72627200324659,3.6087927081489286,40.82711762419927,11508
6138,2.4966375122674953,-4.973589411768066,10.670702695977266,11508
6140,10.370974913057513,-37.29320290251253,-14.39525898969222,11508
6143,-12.966414057982986,-6.664747492502072,11.476204656067093,11508
6144,-2.877017626798136,15.472940420748355,-8.663647664713196,11508
6146,10.46331573794219,0.011562503763835861,9.506875097502755,11508
6147,43.611890927650016,3.8456339470856182,23.864324168109885,11508
6148,95.40025077542401,41.38235645219052,-34.765720711052694,11508
6150,-21.272232633067034,19.879977973016945,-26.478079122725337,11508
6151,18.586018598204152,0.20787211038459558,11.827819633657295,11508
6154,6.829773561064759,2.383229300389279,5.580445997840346,11508
6156,55.156406419875346,-6.649212625197936,24.92790459822721,11508
6158,13.680492521409684,2.586125026710036,1.273953074098823,11508
6160,-39.833925369213375,-41.77131234524231,-20.370422021107725,11508
6161,-18.36895952287703,-3.516465667763024,20.32722883494753,11508
6163,-26.496393748092462,-42.59861859948166,27.09003201130271,11508
6167,-12.581289582182174,-14.371955535201298,0.6884484459008049,11508
6169,148.26175869120655,5178.260869565217,-93.39853300733496,11508
6170,4.702098836590317,5.470313048945101,-0.6506076569877078,11508
6171,-99.90006056935191,-2.9411764705882355,-87.09350330216122,11508
6173,54.26510929473646,2.68920483524502,26.13937451549827,11508
6174,32.84435357405165,-11.310927933419915,26.128960791000676,11508
6175,68.93824644185868,2.005112351618525,24.453781332983734,11508
6179,223.27509730425263,-26.259807925095163,131.39675731028802,11508
6180,28.999878485419664,7.096722730674575,-3.7320933656205697,11508
6182,19.9699020023529,1.0161289349351645,11.74607416207875,11508
6185,43.443711751031834,-7.409051935325821,34.91014693919345,11508
6186,-100.0,-100.0,-57.39333563558698,11508
6187,103.06092173798378,5.1254408920241215,51.11324845299687,11508
6188,-20.580408313761954,-12.795082989225703,-10.979119710752942,11508
6190,71.82219158754506,-0.19023503990330345,29.675733762148994,11508
6194,-26.719336088082677,15.280730444262742,-34.7283255029002,11508
6195,3.61284082635108,-3.7711949939442873,14.364576347585176,11508
6198,0.0,0.0,10.204081632653061,11508
6199,171.69669177857844,6.946790268304947,527.7881911902531,11508
6203,-32.18808364781756,6.204943874374988,-30.32224638729774,11508
6204,17.026441834525293,-22.80959903057581,7.780077561664513,11508
6207,35.8085613537419,22.146134901932992,8.313452428514355,11508
6208,7.774515595638506,1.71948591938001,1.6947549479826676,11508
6210,14.587709194389864,-21.106523919483124,51.90032681444666,11508
6212,331.5416800772449,-30.59921668765852,-43.06817091684851,11508
6217,22.996264134221175,-0.603808308648973,34.124454053457846,11508
6218,52.85091996619205,37.01796988829529,17.20610306836002,11508
6219,115059.92366412214,-57.98651531439202,31310.13004791239,11508
6220,68.01226096987067,0.1085279187817259,25.581915624751705,11508
6221,21.475620022016447,76.27710476562764,-27.959534523116975,11508
6222,-43.96551724137931,16.071428571428573,-32.94068153134203,11508
6223,69.87471956008775,13.449324844546412,54.78774916750976,11508
6227,168.85623019694452,5.991478939867544,51.405757198601734,11508
6228,-39.12367124708322,-35.653603727048505,-13.728558353753948,11508
6229,16.850357137979543,3.8030840407161315,42.72227504062676,11508
6231,6.389511685350561,38.704531267030646,8.877800504209675,11508
6233,27.5770475055338,-12.604395091681052,6.01760913271555,11508
6234,68.3996984746364,24.92393217216822,33.77040476051723,11508
6236,7.689194658033185,3.8641686182669788,-16.230469518674486,11508
6237,-31.67923235092529,-57.86198616818005,36.12905337581286,11508
6240,-22.437810945273633,-6.758373205741627,3.815811189965341,11508
6241,30.116298527443107,-0.8890446752915684,0.8407478828841143,11508
6242,-0.5026341253628642,-11.998383415747432,-4.242453049411665,11508
6244,-0.4085137079479831,-19.146166406202756,14.099936747604609,11508
6245,38.36241379310345,-23.82023709171546,20.669015536901785,11508
6246,-9.996709760775534,-7.484306301401503,-18.010255641035258,11508
6248,-0.248953419685127,-7.358188733971097,-16.95340528652053,11508
6259,93.68859091434516,-9.932137337902304,58.558352975010784,11508
6261,-0.6177265933458319,-7.813626965427706,5.586898384836815,11508
6263,-8.433008342546989,-22.97285871311406,5.551545565407282,11508
6264,36.89538807649044,-1.7756255044390639,36.88907878183674,11508
6265,465.9463049253146,-17.7370093493439,680.3753443601282,11508
6266,10.522376640742984,15.968084772206108,-2.1623725966244702,11508
6270,49.478564254877604,-18.347416863836095,18.046537065579475,11508
6274,132.48393122185607,0.10944344976044647,97.0098143748561,11508
6275,2.3562915957282153,-4.000394842658104,1.0675015579895937,11508
6276,-53.79029761641534,-3.2391288243573597,-48.78008756060056,11508
6279,29.816930407984422,-0.1225482661879497,14.564111987468337,11508
6284,-0.7676485544921178,1.7658184988285477,-5.931234197967668,11508
6290,18.185830032649193,8.044803695662052,9.337905204453328,11508
6291,33.424356653112106,10.458935021746788,40.498975784183955,11508
6292,30.690403615100873,-6.381478334749363,30.586697006770983,11508
6294,-8.70266860320115,-20.200297496922445,-12.24441431452192,11508
6411,3.4017101792049487,-11.819853226382016,12.409935822587173,11508
6417,34.27285721017167,2.5349629380862138,22.617995173855913,11508
6418,49.7865990629613,-3.6395916555703507,22.64879933486575,11508
6419,365.69566778032413,-1.4329711944738273,214.59560842862138,11508
6423,1.2882603641999224,-86.43463145058766,20.110668812286498,11508
6425,93.96055625174893,-10.817357447736898,56.13194851355093,11508
6432,-11.79402708696682,-30.09479279540626,8.212943909724528,11508
6435,25.82854012599288,1.6283567856171284,14.349494387465324,11508
6441,135.5224867724868,240.84035222052069,-46.96087581292683,11508
6461,1102.9787234042553,2579.620853080569,-56.19966460321732,11508
6462,11.097963102095333,-33.15724973066366,61.61223018035232,11508
6465,128.67103900586815,-26.51743721714438,90.76375974682718,11508
6469,7.229909796192683,7.147438176944442,2.538460189099584,11508
6470,-31.28707432104682,11.755983499039978,-44.87238047539139,11508
6474,25.127091590271167,-16.44471169315915,19.43820516005264,11508
6482,-21.149848072924996,-6.592782040352373,-29.65440043199946,11508
6485,21.16392306866639,8.327153762268265,-6.752063757080053,11508
6486,825.8113558796152,770.8527901003969,130.93748048323718,11508
6488,7.605508151106012,-4.286970158051075,-3.112790270542152,11508
6492,-3.6144578313253013,0.0,-3.903903903903904,11508
6494,36.3323293384165,-16.575586116230813,46.71829088562935,11508
6496,-3.9585310651967585,-25.23302869094712,10.30062424707042,11508
6498,-19.25937168007285,-13.713405238828967,17.141814061811544,11508
6499,29.515223677496174,-10.260701489722798,12.968758784834797,11508
6506,13.09907652708466,-3.095178044588864,12.197214730787172,11508
6508,13.55627888658504,15.403722320976609,-5.361781976976092,11508
6509,20.01623087869086,-6.550154080537378,7.325550010760628,11508
6510,54.27157903895514,3.8569424964936885,33.14430578664898,11508
6512,-69.10820978092498,72.61205564142195,-54.53289026508572,11508
6516,15.206729060537851,10.940494660947339,24.473135176802174,11508
6517,70.0911170000363,-17.409927377846717,0.1721277736893967,11508
6523,-14.047247233943583,55.900538768426,-14.893101173597984,11508
6527,-2.8495481127060076,-12.510772177005677,-10.24465210817242,11508
6530,10.679678372620439,-0.26628684666831803,16.326993592355272,11508
6532,74.22837401700077,-12.865018471156578,14.983764464881121,11508
6535,5135.838150289017,11512.820512820514,1.269446845289542,11508
6538,55.6734663614373,6.813903797725943,0.06518662362652959,11508
6542,8.902046328035732,-3.5738687128816946,18.333672332451936,11508
6546,15.553537858020057,-7.143291442362108,-3.9129253017079226,11508
6547,416.8601727342298,399.0099427920035,39.44562781972544,11508
6548,43.657297439383484,6.099515363535204,28.263778227337742,11508
6556,-10.488097196437383,15.50124325307781,2.14481732378395,11508
6560,461.324570273003,-28.38622291021672,64.14995833375167,11508
6561,16.375621415841618,0.17540342788413352,1.881874882155482,11508
6568,24.35377542611788,8.288090944283407,20.316269243452336,11508
6569,43.1978153413,146.10081312644388,14.174348495400066,11508
6570,22.600297527686603,-2.906993052763467,27.520728587440377,11508
6574,82.79946784014737,4.390450587341476,39.79211362908695,11508
6576,-81.14841986455981,-11.743725231175693,-14.42235458252844,11508
6577,2.7889621136890255,-11.105732696251419,3.431866581366612,11508
6578,97.3592571096924,-9.841715937110587,29.5049711051416,11508
6584,37.664156804152086,-0.07420488396568024,50.04949580275593,11508
6588,189.01808785529715,1.24135255705696,135.2352266207688,11508
6590,20.88063295493636,4.872912970669673,12.460020988269788,11508
6593,107.70474650432797,35.39186507936508,11.187269900432035,11508
6596,-73.50798899080888,144.85725169837676,-32.97480648129587,11508
6597,-6.519413599312953,1.6015458684046768,-13.692757949045072,11508
6603,-11.69701814659154,-7.000701988817838,1.4447461197100524,11508
6609,92.46337718051008,-1.0625412444763727,7.802791285394987,11508
6612,45.710613031901325,32.01253327417923,19.82242199414038,11508
6613,186.81734976223558,30.803314798295098,63.620117125070124,11508
6615,-2.4380842247277634,-9.789711298562434,-2.2537941432120796,11508
6616,-2.135102833524227,16.750085398998976,-20.880671815215607,11508
6617,7.842227378190255,1.329845214737301,32.095874664736684,11508
6620,-79.91967266913751,-4.25363920870539,-58.24666285413487,11508
6624,-45.72212291191518,95.43890800133171,-31.137619142112776,11508
6629,44.238290393909494,-16.669856857523303,85.53444610538403,11508
6637,0.898865938569732,-13.993926040612159,-29.20655483763891,11508
6640,18.686393265012523,-32.10254117599244,60.506916524507155,11508
6642,51.855473297015415,-8.989688995549105,25.70186147958134,11508
6643,73.0784708249497,6.468752075446636,4.064528008694754,11508
6649,-32.84131123114174,16.436586744167272,-35.909029510667494,11508
6651,62.335928809788655,-2.2824421756318096,19.46174409573648,11508
6654,848.7643215604583,10.65965741548588,154.779527404262,11508
6661,-31.246403989174677,-2.7049847712674526,3.2318197556910144,11508
6662,32.83032023507147,12.157275021026072,2.0759981206387508,11508
6664,32.275160239470324,0.20601820676802568,18.73638625582216,11508
6667,69.05867516933641,77.34740875274588,10.530222793110656,11508
6679,0.31603439051399135,-7.630706131029782,6.473597358498771,11508
6680,47.61081911344709,64.96352322712156,23.284777538177178,11508
6683,25.735179207509955,1.359728575586573,29.817647359169055,11508
6684,3.270174869152432,-5.813351095322676,-0.06558841841608723,11508
6690,8.207478438939866,4.221151749054117,13.510660336585078,11508
6692,-4.405563450830557,-22.992324005780457,-51.29008676635392,11508
6693,114.19594133697134,3.6092849070766895,91.03457478012612,11508
6697,15.816926241551572,-5.997648982929571,1.259566086002642,11508
6703,1.8304153071530753,2.649816242567381,13.88949453978317,11508
6708,37.738212400465244,0.8912772789828953,-0.9266612375378732,11508
6712,21.10407899532788,10.475883402017189,17.067623130084858,11508
6716,111.75153616840056,2.663512532962074,66.26539158342996,11508
6720,25.4902717726992,1.2963136081767475,-17.806416582826298,11508
6721,-11.700077796999071,-1.772503195179843,0.04702264236967199,11508
6725,-12.38849803558143,-5.487279424603063,3.5164977430616284,11508
6727,16.54946321781108,-16.7109477174663,61.35866478382984,11508
6728,37.295861620465196,7.753694393299052,9.355082728411945,11508
6730,3.633810860977583,-4.14254583874447,2.500247733240846,11508
6732,-9.166440676955904,0.6548466245512996,-14.185979295698212,11508
6733,9.322370286362348,-2.211514075576972,7.76370892942466,11508
6735,-16.82813366907089,2.1169566128694193,30.705569650839678,11508
6739,96.72751410554265,7.3446532315315185,97.06337201665967,11508
6741,30.42489440814411,-2.087308125921429,32.137410917149566,11508
6751,25.65650467853909,-2.8124527939136765,-13.963946624156803,11508
6752,11.398891173306684,-1.6073536852757633,5.66311469338028,11508
6761,20.718424706196757,-9.135733419681493,-1.9651795398673806,11508
6762,35.474214631388136,0.7332846950005565,5.172876909142018,11508
6763,14.910488564877419,-0.7842788885575233,13.083138859381975,11508
6767,-2.184006878761823,10.01083088349064,-1.4379114135892,11508
6785,,,19.71268954509178,11508
6788,20.381338423092817,-14.803158378476235,18.487334985269865,11508
6791,2.593879675655068,-4.014047795428979,8.643752336513991,11508
6803,-7.064587924557192,-0.894091137581102,-0.22583306357748803,11508
6804,-2.743720216460706,-7.812858870906001,5.218009960361825,11508
6811,77.11195291418402,4.300469600727975,25.852463373182637,11508
6821,-31.633238997580083,-31.791304347826088,-10.209048484165887,11508
6823,-30.751278232431023,4.635408208245366,1.597784080204891,11508
6829,56.51918491470172,35.02496708319877,42.253488229253804,11508
6840,10.8023760506681,-6.876866617441233,12.572661982640753,11508
6841,86.01685053297956,33.862593374200245,13.138320698040337,11508
6843,-17.459509995325433,-5.566741120583886,-4.767790175649348,11508
6844,0.20495823862693072,7.799718782777556,-1.0715546446089703,11508
6846,-11.285724219456228,2.6338229852139077,-11.579378903964182,11508
6855,64.65607909129155,-14.555873925501432,2.8021998234255445,11508
6856,1.1062168385223745,12.283204862140527,-0.03977174476915096,11508
6859,-10.459770114942529,-3.3569291396044663,-37.76595821268594,11508
6865,-56.55998202304902,-18.994313079916193,-50.007886705757294,11508
6870,34.13756613756614,5.25325214503183,45.11216629457181,11508
6872,-65.33767290480066,7.169811320754717,196.97280656747049,11508
6874,182.4825036313218,-8.911919745884678,55.013554145556135,11508
6875,,-98.79032258064517,-89.61520866161744,11508
6877,140.17507185785212,-1.479178948496704,-30.69083369778253,11508
6881,-15.613825424721734,10.7578273974288,-5.15141510812345,11508
6884,101.21437665262951,5.990381914789955,38.70098326426692,11508
6894,67.83490557991163,-1.128038669869057,66.77036390625503,11508
6895,-39.511090198824775,8.002657132250942,-32.89364471424152,11508
6899,-14.9193035963909,-9.293188260797065,-3.3486899386345867,11508
6903,122.70103872385356,3.986202439723116,231.10428709818348,11508
6904,-4.292292988096272,-11.108933491659077,4.315952150395649,11508
6907,198.71710177550506,-9.069558438721145,115.31869105982413,11508
6910,-12.434632754932256,10.452739674687056,2.099065122256474,11508
6913,25.038077057290064,-18.288033782170462,35.39403871591296,11508
6922,58.97520147679955,-6.0346684463465365,45.93950596218192,11508
6925,-4.408983451536643,0.09902215620745142,2.9343933251997325,11508
6929,2.0264411854069557,1.967123267379897,-0.2887826176294071,11508
6945,,,,11508
6953,36.656643655255856,-9.303300466434434,15.897911956505952,11508
6961,8.055221959534055,-7.882220069509166,4.570140720450165,11508
6967,1.124241553057241,-11.658647491143658,22.983615239629625,11508
6968,10.452856060332696,3.3699289812541577,15.63052329363764,11508
6971,8.764612888463619,24.15189091966782,-8.855591467011132,11508
6982,-10.676209279368214,-22.713587153808376,17.468014656369437,11508
6983,7.134669491819793,21.58710135215043,9.382916836080442,11508
6986,4.83578875238608,39.902024820378834,9.026644623840605,11508
6996,6.905944919108061,-6.573558546918192,25.35682103142296,11508
6997,25.48170628363205,-5.93729404384732,30.39510197483633,11508
7402,15.53065319834953,3.4755038571832464,-9.202607335979181,11508
7547,-2.2511503290814843,-10.871239278791258,27.517568323917317,11508
7556,44.717453836874824,6.786716877781582,15.38069205144961,11508
7584,29.473992459460447,8.668892348025562,-1.0359642084522491,11508
7642,-6.722175881792183,-15.927611529528642,-26.393881515581892,11508
7703,83.25669260023365,17.506988961107268,27.913056818480882,11508
7704,13.813873926335711,2.677633307065931,9.524878879577729,11508
7708,11.371680887405986,7.133418870526054,11.980238414257592,11508
7709,18.88676181937141,-27.069613949547353,6.325971977359191,11508
7712,55.49841915906531,1.772579427137531,22.430681402262117,11508
7713,14.80723808394359,-3.169879889641836,19.58351999104043,11508
7714,15.11031819516271,-5.329532052413102,26.40475808252834,11508
7715,-57.92275200932166,-53.37050623624358,-42.70466291286709,11508
7716,34.02541004199117,5.245333358384924,4.154331659076913,11508
7717,86.19344063164287,12.443034376518701,32.6760085611598,11508
7718,6.933856530226103,-2.703193775068477,5.338482182310886,11508
7723,-20.112099564182056,11.485817114767256,-19.021251855590084,11508
7728,137.32722413134783,1.6783903157205955,36.796859925458776,11508
7734,-1.269376626787052,-37.51597789612351,52.606316239752,11508
7738,15.280582804385459,16.253273203375038,14.138873378575724,11508
7743,-16.559250665979203,-2.4382075155737155,5.696960672028942,11508
7744,86.43140082206311,-2.1946060860322105,89.98187897928923,11508
7747,18.632344143125252,-5.495782518998251,11.636273923331034,11508
7751,41.3224444016053,-0.010746199565192233,61.38165405221757,11508
7753,-24.336364920515912,14.238372569928636,-8.66316007013193,11508
7757,-4.078392633491506,14.863594596592769,2.6140772582235274,11508
7767,48.29839876756454,-11.357801919785699,49.02980160092011,11508
7770,-45.18457324231488,10.558624923265807,-49.23309749242575,11508
7772,54.2007874015748,35.053963656425644,-6.123072002791144,11508
7777,-187.36861671567135,16.47334410339257,-29.436377593495582,11508
7782,6.44511421319797,12.594593687601725,4.384920332559045,11508
7792,67.71662688234218,9.954250462517455,21.549955329683787,11508
7794,102.78167311411993,23.552461974735756,43.16004323008611,11508
7805,19.253780237590302,-5.279789650633119,12.581560513446533,11508
7810,119.80657090029868,-7.858054207457401,79.17361302275518,11508
7811,-2.4592064902047444,-15.866887087277503,-4.7225946083195165,11508
7814,12.689155107187894,-47.76413853572994,45.92470528584104,11508
7819,-27.197686328854612,-2.1698647882762527,-34.47334026396427,11508
7820,20.984862301659675,-1.7884638161790833,44.2073848303013,11508
7825,-41.893346934149385,1.9640015910898965,-30.258715922346596,11508
7828,192.1368379931916,21.162837347817366,226.2043822470358,11508
7839,7.849666983824928,2.123688783061973,4.6806010385974615,11508
7842,71.54205707669547,0.38866564402744186,59.7858813116651,11508
8024,64.88353555929501,14.643758852146068,26.489334733639954,11508
8027,37.29177330567454,-19.283240412231795,47.354042548552556,11508
8032,43.628246753246756,-10.793214253510504,46.75360881556966,11508
8034,-0.9987649042800817,265.5630591124364,-35.84914091650468,11508
8038,-40.86070930950773,-15.73507439775681,27.41169790556915,11508
8040,54.12023955501057,3.383122533884869,34.811580522568505,11508
8042,38.75206530687438,10.321443692997814,36.35482082339105,11508
8043,54.47881138042136,-18.454525903895682,60.75033911888289,11508
8044,11.309225441945713,2.3763398374120435,8.70763977635296,11508
8047,231.85349180455216,-1.7965104250477,50.695732191904966,11508
8048,17.140704033979972,-16.974459406966204,35.66598499702842,11508
8049,18.283126303722774,14.732045205978855,2.491530307325529,11508
8050,94.47744867048132,34.54348231057019,17.621075487543397,11508
8054,157.4483639638689,7.9197911055577235,163.51277091553456,11508
8059,-46.3353144351255,-26.090388170677155,71.81222406661689,11508
8064,-43.496604917924714,1.4107739420935412,-0.9117754833703361,11508
8066,11.729851364309999,13.815648892034023,-6.672649831661044,11508
8067,-10.191846522781775,22.04117908458006,-18.539515421475333,11508
8068,76.73862928873109,-6.954041316749938,78.37535398273447,11508
8069,3.2911843138148216,19.80617647355351,-2.8761701994668485,11508
8071,28.59486024114283,-5.563131244261416,21.11325897549947,11508
8074,14.757454983611254,-2.8442003138821517,22.3083925289498,11508
8076,124.4801621778164,-8.368403631549082,55.048435454583846,11508
8077,-2.802077161677064,2.915236724602384,2.4491962390051563,11508
8080,-30.350553505535057,73.4777613655014,-55.932952274082126,11508
8083,5.295065247023611,-16.363305975347526,2.127945760188674,11508
8084,145.133904884247,35.22090085649147,14.078562528690407,11508
8085,-12.784022961014111,-17.231595672240296,-1.5728304809399676,11508
8086,12.557871297438444,0.7140758224772625,35.833774875388144,11508
8087,9.291849589616339,3.8901186631345936,224.65881450772235,11508
8088,72.93612042391378,6.521849605233372,49.209953915387885,11508
8089,68.73192658974432,149.6420553225738,-54.339607886072685,11508
8091,71.52047541991102,-8.749306336707912,57.81010880578714,11508
8092,-23.891918691125433,-15.707108145951734,-10.67797185585035,11508
8093,109.56489470266258,-2.725863405391439,48.78334373210485,11508
8096,269.5574579229668,-30.20407343615153,80.65756500129488,11508
8097,189.1173245614035,-35.14726680194306,-12.910844507174783,11508
8099,-26.599368417194853,86.11800905538031,14.475578537364797,11508
8102,9.671697526061926,-20.056708631053645,2.785101061312783,11508
8107,-24.853422370617697,-6.377809946920914,-31.899058012806293,11508
8109,56.11513756740975,7.399110556587411,30.70145504441602,11508
8111,-8.802949566715109,11.600717943651304,-6.101960033199259,11508
8121,25.756797303684827,-2.368978633242284,22.6178880510856,11508
8147,95.98263406146314,21.68644709595759,28.99781521545068,11508
8155,35.13714040691652,0.6892293554269632,35.58821736384119,11508
8171,581.2910377760724,-0.17367618762026138,128.09531225665785,11508
8176,281.82501503307276,-25.627360838628444,-9.563706671897329,11508
8182,13.684929670643276,0.21115701849339086,4.497307215708703,11508
8183,56.06520786408064,7.451034969925701,32.352889861495015,11508
8227,42.2487983737675,14.197799180984191,73.17289123352371,11508
8234,47.955524192963715,-18.574569190808873,5.26280596510668,11508
8240,-12.590724454328527,-7.554746826575504,-10.178672726326907,11508
8255,4.607138209266007,-3.454255549149611,-3.147096151175877,11508
8272,-8.627419311421573,24.046192077181697,-1.8947360528456656,11508
8277,-18.79584775086505,10.396086179320726,-57.45303864418501,11508
8279,0.5678205034412511,0.36618104619946756,-4.961646289229811,11508
8284,21.735913837853303,0.48957089161959905,13.58056551543981,11508
8289,67.14797779044615,-1.478934504329094,18.172719803214402,11508
8291,-72.35449735449735,-22.878228782287824,78.76106194690266,11508
8299,376.5177219159828,4.101269556636891,278.98954917231555,11508
8342,5.557709612050361,2.189832717177297,3.958506091276434,11508
8349,12.08891315140936,-0.6233169744578467,6.635028614562065,11508
8354,-7.0325900514579756,-14.41328614211816,4.209364579908891,11508
8358,59.709504167221084,4.719008887179223,46.82361174283261,11508
8383,73.60021446411119,3.071520387481011,60.474595219159376,11508
8390,49.43906458783707,-10.790949314408376,43.99004671347863,11508
8401,-1.8938431413581263,0.8249228075026499,3.731856655509784,11508
8403,8.596020598356606,-3.456474430046848,7.30904134141584,11508
8409,39.1702621971457,39.53147877013177,35.19366930445648,11508
8410,-40.92793823277095,-29.251675717990118,-25.167930420143023,11508
8415,38.11325061376153,-2.4197044704470447,23.397658252584264,11508
8416,25.98851179389476,28.934464394843292,13.367289644661907,11508
8421,25.498522513586675,1.6664713661549793,16.988623476772716,11508
8423,16.964632724446172,1.9075568598679384,12.690510260302913,11508
8424,7.495551332179303,4.600977678308499,-0.9544464375482442,11508
8426,-29.27613864528761,-27.4828588667654,-4.717514296700011,11508
8431,-13.40846913286547,6.733377318378418,-10.24308451587297,11508
8432,30.880162775575272,16.651398444510917,15.210089626107424,11508
8433,-3.595594098553755,-11.930188342759035,10.373815192843825,11508
8435,8.291467071698408,-11.95757143987968,11.434831438140504,11508
8436,2.0473206770784627,6.285832282999792,-1.9840241292728458,11508
8437,40.640172630821795,-15.88061306802904,-4.512861329184907,11508
8440,13.863706066368152,-5.788731107705113,-1.3108686731035764,11508
8444,-58.50322010931624,15.49430060595788,-58.956226145328195,11508
8446,69.23831619285063,70.98493329601642,24.787905858705777,11508
8450,-32.32692307692308,0.9466437177280551,37.69666539609101,11508
8455,23.22306770081476,-6.8594361169932405,8.278445811983417,11508
8472,121.30045734738516,15.613637780224803,20.839075022452576,11508
8477,-3.7842506084635312,-9.64388409643884,-12.512696942800472,11508
8489,32.55905947878922,2.331205911991938,50.31051374438282,11508
8905,11.611649849656475,4.268628410620336,13.885467119926226,11508
8906,-3.351019268360793,8.075193604796402,-1.0993470321319216,11508
8908,24.431590380592066,15.910587894440207,1.6988134278362104,11508
8916,42.44010938677826,-6.6638314649797215,-1.6282282121265064,11508
8917,10.583403628059951,9.344735345535733,-2.7626117055830406,11508
8921,10.083730619766836,-6.005096892264012,6.961266933791261,11508
8923,27.1198980640388,-7.142857142857143,3.0484852023450943,11508
8924,-39.65876785056272,12.108973108594464,-7.995886972633622,11508
8927,20.77385680542557,9.949750062946668,42.57168282715022,11508
8928,-21.77107736405479,-53.34036915024428,-13.633085367714772,11508
8929,-3.043066039455931,6.588494688314292,-1.1967213826080543,11508
8930,-9.579765155421798,-4.768730801762899,-4.364006528082293,11508
8931,38.158404508232806,3.112975990589441,13.848072452250987,11508
8932,12.75986290062482,7.3661144162854,11.97179551416388,11508
8933,90.56035611416601,-10.19808410456243,-0.7557125002614384,11508
8935,-17.68552939556657,13.483501534373122,-12.412764207765653,11508
8936,12.344983544329356,4.012360102963471,17.133057822479593,11508
8937,1403.095975232198,898.0727226005397,898.6622824932604,11508
8938,17.803539394051842,-7.081908375232208,-3.0402978480064666,11508
8941,2.007311610662699,3.4134124849271865,5.192138128488492,11508
8942,47.618455354122304,2.084566159774307,-35.888973911657835,11508
9949,15.085179627504633,39.62304562004712,7.888923585811272,11508
9950,19.07535101050196,29.649615657703826,-7.391305771806805,11508
9951,-3.359031502758557,-10.575196570710451,5.553528289026908,11508
9960,-9.225618687108863,2.2695126655522695,5.394487751209866,11508
9962,34.06589761239333,-13.942581541557315,-8.86031855462131,11508
